-1;5.695888205536903E-12
-0.999;5.816902515221045E-12
-0.998;5.938360914115037E-12
-0.997;6.0598193130090294E-12
-0.996;6.1808336226931715E-12
-0.995;6.302292021587164E-12
-0.994;6.423306331271306E-12
-0.993;6.544764730165298E-12
-0.992;6.66577903984944E-12
-0.991;6.787015394138507E-12
-0.99;6.907807659217724E-12
-0.989;7.028821968901866E-12
-0.988;7.149836278586008E-12
-0.987;7.270628543665225E-12
-0.986;7.391642853349367E-12
-0.985;7.51221307382366E-12
-0.984;7.632783294297951E-12
-0.983;7.753353514772243E-12
-0.982;7.873923735246535E-12
-0.981;7.994271911115902E-12
-0.98;8.114620086985269E-12
-0.979;8.234746218249711E-12
-0.978;8.355094394119078E-12
-0.977;8.47477643617367E-12
-0.976;8.594902567438112E-12
-0.975;8.714584609492704E-12
-0.974;8.834266651547296E-12
-0.973;8.953948693601887E-12
-0.972;9.07318664644663E-12
-0.971;9.192424599291371E-12
-0.97;9.311662552136113E-12
-0.969;9.430900504980855E-12
-0.968;9.549694368615746E-12
-0.967;9.668488232250638E-12
-0.966;9.78683800667568E-12
-0.965;9.905409825705647E-12
-0.964;1.0023759600130688E-11
-0.963;1.014166528534588E-11
-0.962;1.0259793015165997E-11
-0.961;1.0377698700381188E-11
-0.96;1.049516029638653E-11
-0.959;1.0612621892391871E-11
-0.958;1.0729861443792288E-11
-0.957;1.0847100995192704E-11
-0.956;1.0963674412778346E-11
-0.955;1.1080469874968912E-11
-0.954;1.1197043292554554E-11
-0.953;1.131339466553527E-11
-0.952;1.1429523993911062E-11
-0.951;1.1545431277681928E-11
-0.95;1.166111651684787E-11
-0.949;1.1776579711408885E-11
-0.948;1.1892042905969902E-11
-0.947;1.2007062011321068E-11
-0.946;1.2121859072067309E-11
-0.945;1.223665613281355E-11
-0.944;1.2350787059745016E-11
-0.943;1.2465140031281408E-11
-0.942;1.2579048913607949E-11
-0.941;1.2692735751329565E-11
-0.94;1.2806200544446256E-11
-0.939;1.2919221248353097E-11
-0.938;1.3032241952259938E-11
-0.9369999999999999;1.3145040611561853E-11
-0.9359999999999999;1.325739518165392E-11
-0.9349999999999999;1.336952770714106E-11
-0.9339999999999999;1.3481660232628201E-11
-0.9329999999999999;1.3593348668905492E-11
-0.9319999999999999;1.3704593015972932E-11
-0.9309999999999999;1.3815837363040373E-11
-0.9299999999999999;1.3926859665502889E-11
-0.9289999999999999;1.4037437878755554E-11
-0.9279999999999999;1.414757200279837E-11
-0.9269999999999999;1.425748408223626E-11
-0.9259999999999999;1.436739616167415E-11
-0.9249999999999999;1.4477086196507116E-11
-0.9239999999999999;1.4586110097525307E-11
-0.9229999999999999;1.4695133998543497E-11
-0.9219999999999999;1.4803713810351837E-11
-0.9209999999999999;1.4911849532950328E-11
-0.9199999999999999;1.5019763210943893E-11
-0.9189999999999999;1.5127454844332533E-11
-0.9179999999999999;1.5234924433116248E-11
-0.9169999999999999;1.5341949932690113E-11
-0.9159999999999999;1.5448753387659053E-11
-0.9149999999999999;1.5555112753418143E-11
-0.9139999999999999;1.5661028029967383E-11
-0.9129999999999999;1.5766943306516623E-11
-0.9119999999999999;1.5872414493856013E-11
-0.9109999999999999;1.5977441591985553E-11
-0.9099999999999999;1.6082468690115093E-11
-0.9089999999999999;1.6186829654429857E-11
-0.9079999999999999;1.6290968574139697E-11
-0.9069999999999999;1.6394885449244612E-11
-0.9059999999999999;1.6498358235139676E-11
-0.9049999999999999;1.660138693182489E-11
-0.9039999999999999;1.670419358390518E-11
-0.9029999999999999;1.6806334102170695E-11
-0.9019999999999999;1.690847462043621E-11
-0.9009999999999999;1.70103930940968E-11
-0.8999999999999999;1.7111645433942613E-11
-0.8989999999999999;1.7212453684578577E-11
-0.8979999999999999;1.7313039890609616E-11
-0.8969999999999999;1.741340405203573E-11
-0.8959999999999999;1.751354616885692E-11
-0.8949999999999999;1.7613022151863333E-11
-0.8939999999999999;1.7712054045659897E-11
-0.8929999999999999;1.781064185024661E-11
-0.8919999999999999;1.79090076102284E-11
-0.8909999999999999;1.8007151325605264E-11
-0.8899999999999999;1.8104850951772278E-11
-0.8889999999999999;1.820210648872944E-11
-0.8879999999999999;1.8298917936476755E-11
-0.8869999999999999;1.8395507339619144E-11
-0.8859999999999999;1.8491652653551682E-11
-0.8849999999999999;1.8587131833669446E-11
-0.8839999999999999;1.8682388969182284E-11
-0.8829999999999999;1.8777424060090198E-11
-0.8819999999999999;1.887201506178826E-11
-0.8809999999999999;1.8966161974276474E-11
-0.8799999999999999;1.9059642752949912E-11
-0.8789999999999999;1.9152901487018426E-11
-0.8779999999999999;1.924571613187709E-11
-0.8769999999999999;1.9338308732130827E-11
-0.8759999999999999;1.9430457243174715E-11
-0.8749999999999999;1.9521939620403828E-11
-0.8739999999999999;1.961297790842309E-11
-0.8729999999999999;1.9704016196442353E-11
-0.8719999999999999;1.979438835064684E-11
-0.8709999999999999;1.988431641564148E-11
-0.8699999999999999;1.9973800391426266E-11
-0.8689999999999999;2.0062840278001204E-11
-0.8679999999999999;2.015143607536629E-11
-0.8669999999999999;2.0239809828126454E-11
-0.8659999999999999;2.032751744707184E-11
-0.8649999999999999;2.0415003021412303E-11
-0.8639999999999999;2.050182246193799E-11
-0.8629999999999999;2.0588419857858753E-11
-0.8619999999999999;2.067435111996474E-11
-0.8609999999999999;2.0759838292860877E-11
-0.8599999999999999;2.084510342115209E-11
-0.8589999999999999;2.0929702415628526E-11
-0.8579999999999999;2.1014079365500038E-11
-0.8569999999999999;2.1097790181556775E-11
-0.8559999999999999;2.118105690840366E-11
-0.8549999999999999;2.1263879546040698E-11
-0.8539999999999999;2.134648013907281E-11
-0.8529999999999999;2.142819255368522E-11
-0.8519999999999999;2.1509904968297633E-11
-0.8509999999999999;2.159095124909527E-11
-0.8499999999999999;2.167133139607813E-11
-0.8489999999999999;2.1751711543060992E-11
-0.8479999999999999;2.1831203511624153E-11
-0.8469999999999999;2.1910251390977464E-11
-0.8459999999999999;2.198907722572585E-11
-0.8449999999999999;2.206723692665946E-11
-0.8439999999999999;2.2144952538383222E-11
-0.8429999999999999;2.2222224060897133E-11
-0.8419999999999999;2.2299051494201194E-11
-0.8409999999999999;2.2375434838295405E-11
-0.8399999999999999;2.2451374093179766E-11
-0.8389999999999999;2.2526425169644426E-11
-0.8379999999999999;2.2601476246109087E-11
-0.8369999999999999;2.2675861188758972E-11
-0.8359999999999999;2.2749579997594083E-11
-0.8349999999999999;2.2823076761824268E-11
-0.8339999999999999;2.2895907392239678E-11
-0.8329999999999999;2.296829393344524E-11
-0.8319999999999999;2.304023638544095E-11
-0.8309999999999998;2.311173474822681E-11
-0.8299999999999998;2.3182566977197894E-11
-0.8289999999999998;2.3253177161564054E-11
-0.8279999999999998;2.3322899167510514E-11
-0.8269999999999998;2.3392399128852048E-11
-0.8259999999999998;2.3461010911773883E-11
-0.8249999999999998;2.3529622694695718E-11
-0.8239999999999998;2.3597568343802777E-11
-0.8229999999999998;2.3664847859095062E-11
-0.8219999999999998;2.373190532978242E-11
-0.8209999999999998;2.379807462205008E-11
-0.8199999999999998;2.3864021869712815E-11
-0.8189999999999998;2.3929302983560774E-11
-0.8179999999999998;2.3994140008198883E-11
-0.8169999999999998;2.4058532943627142E-11
-0.8159999999999998;2.4122259745240626E-11
-0.8149999999999998;2.418554245764426E-11
-0.8139999999999998;2.4248381080838044E-11
-0.8129999999999998;2.4310553570217053E-11
-0.8119999999999998;2.437228197038621E-11
-0.8109999999999998;2.443356628134552E-11
-0.8099999999999998;2.4494184458490054E-11
-0.8089999999999998;2.4554136501819812E-11
-0.8079999999999998;2.4613866500544646E-11
-0.8069999999999998;2.4672930365454704E-11
-0.8059999999999998;2.4731550141154912E-11
-0.8049999999999998;2.478972582764527E-11
-0.8039999999999998;2.4847235380320853E-11
-0.8029999999999998;2.490407879918166E-11
-0.8019999999999998;2.4960256084227694E-11
-0.8009999999999998;2.5016433369273727E-11
-0.7999999999999998;2.507172247590006E-11
-0.7989999999999998;2.5126567493316543E-11
-0.7979999999999998;2.5180968421523175E-11
-0.7969999999999998;2.5234481171310108E-11
-0.7959999999999998;2.5287771876492116E-11
-0.7949999999999998;2.5340396447859348E-11
-0.7939999999999998;2.5392354885411805E-11
-0.7929999999999998;2.5444091278359338E-11
-0.7919999999999998;2.5495161537492095E-11
-0.7909999999999998;2.5545565662810077E-11
-0.7899999999999998;2.559552569891821E-11
-0.7889999999999998;2.564504164581649E-11
-0.7879999999999998;2.5693891458899998E-11
-0.7869999999999998;2.574207513816873E-11
-0.7859999999999998;2.578981472822761E-11
-0.7849999999999998;2.5837110229076643E-11
-0.7839999999999998;2.5883961640715825E-11
-0.7829999999999998;2.5929924873935306E-11
-0.7819999999999998;2.5975444017944938E-11
-0.7809999999999998;2.602051907274472E-11
-0.7799999999999998;2.6064927993729725E-11
-0.7789999999999998;2.610889282550488E-11
-0.7779999999999998;2.6151969478860337E-11
-0.7769999999999998;2.619482408761087E-11
-0.7759999999999998;2.623723460715155E-11
-0.7749999999999998;2.627875694827253E-11
-0.7739999999999998;2.631983520018366E-11
-0.7729999999999998;2.6360469362884942E-11
-0.7719999999999998;2.6400437391771447E-11
-0.7709999999999998;2.6439739286843178E-11
-0.7699999999999998;2.647859709270506E-11
-0.7689999999999998;2.6516788764752164E-11
-0.7679999999999998;2.655453634758942E-11
-0.7669999999999998;2.6591839841216824E-11
-0.7659999999999998;2.6628477201029455E-11
-0.7649999999999998;2.666444842702731E-11
-0.7639999999999998;2.6699975563815315E-11
-0.7629999999999998;2.673505861139347E-11
-0.7619999999999998;2.6769253480551924E-11
-0.7609999999999998;2.680300426050053E-11
-0.7599999999999998;2.683608890663436E-11
-0.7589999999999998;2.686872946355834E-11
-0.7579999999999998;2.6900925931272468E-11
-0.7569999999999998;2.6932456265171822E-11
-0.7559999999999998;2.6963320465256402E-11
-0.7549999999999998;2.6993518531526206E-11
-0.7539999999999998;2.7023494553191085E-11
-0.7529999999999998;2.705280444104119E-11
-0.7519999999999998;2.708144819507652E-11
-0.7509999999999998;2.7109647859901997E-11
-0.7499999999999998;2.7136959346307776E-11
-0.7489999999999998;2.7163826743503705E-11
-0.7479999999999998;2.7190250051489784E-11
-0.7469999999999998;2.7215785181056162E-11
-0.7459999999999998;2.7241098266017616E-11
-0.7449999999999998;2.7265745217164294E-11
-0.7439999999999998;2.7289726034496198E-11
-0.7429999999999998;2.7313484807223176E-11
-0.7419999999999998;2.7336355401530454E-11
-0.7409999999999998;2.7358559862022958E-11
-0.7399999999999998;2.738032023330561E-11
-0.7389999999999998;2.7401636515378414E-11
-0.7379999999999998;2.742228666363644E-11
-0.7369999999999998;2.7442270678079694E-11
-0.7359999999999998;2.7461588558708172E-11
-0.7349999999999998;2.7480684394731725E-11
-0.7339999999999998;2.7498892052335577E-11
-0.7329999999999998;2.751665562072958E-11
-0.7319999999999998;2.7533975099913732E-11
-0.7309999999999998;2.755018435607326E-11
-0.7299999999999998;2.7566393612232787E-11
-0.7289999999999998;2.7581714689972614E-11
-0.7279999999999998;2.759659167850259E-11
-0.7269999999999998;2.7610802533217793E-11
-0.7259999999999998;2.7624569298723145E-11
-0.7249999999999998;2.7637669930413722E-11
-0.7239999999999998;2.7650104428289524E-11
-0.7229999999999998;2.7662094836955475E-11
-0.7219999999999998;2.7673419111806652E-11
-0.7209999999999998;2.7684521342052903E-11
-0.7199999999999998;2.769451334927453E-11
-0.7189999999999998;2.7704061267286306E-11
-0.7179999999999997;2.7713165096088233E-11
-0.7169999999999997;2.7721602791075384E-11
-0.7159999999999997;2.7729596396852685E-11
-0.7149999999999997;2.773692386881521E-11
-0.7139999999999997;2.7743585206962962E-11
-0.7129999999999997;2.7749802455900863E-11
-0.7119999999999997;2.775535357102399E-11
-0.7109999999999997;2.7760460596937264E-11
-0.7099999999999997;2.7764901489035765E-11
-0.7089999999999997;2.776867624731949E-11
-0.7079999999999997;2.7772006916393366E-11
-0.7069999999999997;2.7774671451652466E-11
-0.7059999999999997;2.777666985309679E-11
-0.7049999999999997;2.7778446209936192E-11
-0.7039999999999997;2.7779334388355892E-11
-0.7029999999999997;2.7779556432960817E-11
-0.7019999999999997;2.7779556432960817E-11
-0.7009999999999997;2.7778890299146042E-11
-0.6999999999999997;2.777711394230664E-11
-0.6989999999999997;2.777533758546724E-11
-0.6979999999999997;2.777311713941799E-11
-0.6969999999999997;2.777000851494904E-11
-0.6959999999999997;2.7766233756665315E-11
-0.6949999999999997;2.7762236953776664E-11
-0.6939999999999997;2.7757351972468314E-11
-0.6929999999999997;2.7752022901950113E-11
-0.6919999999999997;2.7745805653012212E-11
-0.6909999999999997;2.773958840407431E-11
-0.6899999999999997;2.773248297671671E-11
-0.6889999999999997;2.772493346014926E-11
-0.6879999999999997;2.7716495765162108E-11
-0.6869999999999997;2.7707613980965107E-11
-0.6859999999999997;2.7698288107558255E-11
-0.6849999999999997;2.7688518144941554E-11
-0.6839999999999997;2.7677860003905153E-11
-0.6829999999999997;2.76667577736589E-11
-0.6819999999999997;2.7654989409597874E-11
-0.6809999999999997;2.7642999000931923E-11
-0.6799999999999997;2.763012041384627E-11
-0.6789999999999997;2.761679773755077E-11
-0.6779999999999997;2.7602808927440492E-11
-0.6769999999999997;2.758815398351544E-11
-0.6759999999999997;2.7573276994985463E-11
-0.6749999999999997;2.7557511828035786E-11
-0.6739999999999997;2.7541302571876258E-11
-0.6729999999999997;2.752464922650688E-11
-0.6719999999999997;2.750732974732273E-11
-0.6709999999999997;2.74893441343238E-11
-0.6699999999999997;2.7470914432115023E-11
-0.6689999999999997;2.745181859609147E-11
-0.6679999999999997;2.7432278670858068E-11
-0.6669999999999997;2.741207261180989E-11
-0.6659999999999997;2.7391422463551862E-11
-0.6649999999999997;2.7370328226083984E-11
-0.6639999999999997;2.7348345810196406E-11
-0.6629999999999997;2.7325919305098978E-11
-0.6619999999999997;2.7302826666186775E-11
-0.6609999999999997;2.727928993806472E-11
-0.6599999999999997;2.7255309120732818E-11
-0.6589999999999997;2.723066216958614E-11
-0.6579999999999997;2.720557112922961E-11
-0.6569999999999997;2.7179591910453382E-11
-0.6559999999999997;2.7153612691677154E-11
-0.6549999999999997;2.7126745294481225E-11
-0.6539999999999997;2.7098989718865596E-11
-0.6529999999999997;2.7071234143249967E-11
-0.6519999999999997;2.7042590389214638E-11
-0.6509999999999997;2.7013724590574384E-11
-0.6499999999999997;2.698397061351443E-11
-0.6489999999999997;2.6953772547244625E-11
-0.6479999999999997;2.692313039176497E-11
-0.6469999999999997;2.6892044147075467E-11
-0.6459999999999997;2.6860069723966262E-11
-0.6449999999999997;2.6827651211647208E-11
-0.6439999999999997;2.6794788610118303E-11
-0.6429999999999997;2.6761259874774623E-11
-0.6419999999999997;2.6727287050221094E-11
-0.6409999999999997;2.6692870136457714E-11
-0.6399999999999997;2.6657565044274634E-11
-0.6389999999999997;2.662203790748663E-11
-0.6379999999999997;2.6586066681488774E-11
-0.6369999999999997;2.6548985232466293E-11
-0.6359999999999997;2.6512125828048738E-11
-0.6349999999999997;2.6474156200606558E-11
-0.6339999999999997;2.6435964528559452E-11
-0.6329999999999997;2.6396884678092647E-11
-0.6319999999999997;2.635780482762584E-11
-0.6309999999999997;2.631761475413441E-11
-0.6299999999999997;2.6277202636038055E-11
-0.6289999999999997;2.6236124384126924E-11
-0.6279999999999997;2.6194602043005943E-11
-0.6269999999999997;2.6152635612675112E-11
-0.6259999999999997;2.611022509313443E-11
-0.6249999999999997;2.606692639517405E-11
-0.6239999999999997;2.6023405652608744E-11
-0.6229999999999997;2.5979218776228663E-11
-0.6219999999999997;2.5934365766033807E-11
-0.6209999999999997;2.588951275583895E-11
-0.6199999999999997;2.5843771567224394E-11
-0.6189999999999997;2.5797364244795062E-11
-0.6179999999999997;2.575051283315588E-11
-0.6169999999999997;2.570321733230685E-11
-0.6159999999999997;2.5655477742247967E-11
-0.6149999999999997;2.5607294062979236E-11
-0.6139999999999997;2.555844424989573E-11
-0.6129999999999997;2.5508928302997447E-11
-0.6119999999999997;2.545919031149424E-11
-0.6109999999999997;2.5408786186176258E-11
-0.6099999999999997;2.5357937971648425E-11
-0.6089999999999997;2.5306423623305818E-11
-0.6079999999999997;2.5254687230358286E-11
-0.6069999999999997;2.5202062658991053E-11
-0.6059999999999997;2.5149216043018896E-11
-0.6049999999999996;2.509592533783689E-11
-0.6039999999999996;2.504174645423518E-11
-0.6029999999999996;2.4987345526028548E-11
-0.6019999999999996;2.493272255321699E-11
-0.6009999999999996;2.4876989357380808E-11
-0.5999999999999996;2.4821256161544625E-11
-0.5989999999999996;2.4764856831893667E-11
-0.5979999999999996;2.4707791368427934E-11
-0.5969999999999996;2.4650503860357276E-11
-0.5959999999999996;2.4592328173866917E-11
-0.5949999999999996;2.453415248737656E-11
-0.5939999999999996;2.44750886224665E-11
-0.5929999999999996;2.4415802712951518E-11
-0.5919999999999996;2.435585066962176E-11
-0.5909999999999996;2.429545453708215E-11
-0.5899999999999996;2.4234614315332692E-11
-0.5889999999999996;2.417310795976846E-11
-0.5879999999999996;2.4111601604204225E-11
-0.5869999999999996;2.4049429114825216E-11
-0.5859999999999996;2.3986590491631432E-11
-0.5849999999999996;2.3923307779227798E-11
-0.5839999999999996;2.3859580977614314E-11
-0.5829999999999996;2.3795188042186055E-11
-0.5819999999999996;2.3730795106757796E-11
-0.5809999999999996;2.3665513992909837E-11
-0.5799999999999996;2.3600010834456953E-11
-0.5789999999999996;2.3533841542189293E-11
-0.5779999999999996;2.346745020531671E-11
-0.5769999999999996;2.3400170690024424E-11
-0.5759999999999996;2.3332669130127215E-11
-0.5749999999999996;2.3264723481020155E-11
-0.5739999999999996;2.319655578730817E-11
-0.5729999999999996;2.312727787057156E-11
-0.5719999999999996;2.305799995383495E-11
-0.5709999999999996;2.298827794788849E-11
-0.5699999999999996;2.2918333897337106E-11
-0.5689999999999996;2.284750166836602E-11
-0.5679999999999996;2.2776225350185086E-11
-0.5669999999999996;2.27045049427943E-11
-0.5659999999999996;2.263256249079859E-11
-0.5649999999999996;2.2559953904988106E-11
-0.5639999999999996;2.2487123274572696E-11
-0.5629999999999996;2.2413848554947435E-11
-0.5619999999999996;2.2340129746112325E-11
-0.5609999999999996;2.226574480346244E-11
-0.5599999999999996;2.219113781620763E-11
-0.5589999999999996;2.2115864695138043E-11
-0.5579999999999996;2.2040147484858608E-11
-0.5569999999999996;2.1964208229974247E-11
-0.5559999999999996;2.1887824885880036E-11
-0.5549999999999996;2.1810997452575975E-11
-0.5539999999999996;2.1733725930062064E-11
-0.5529999999999996;2.165578827373338E-11
-0.5519999999999996;2.1577628572799767E-11
-0.5509999999999996;2.149924682726123E-11
-0.5499999999999996;2.142019894790792E-11
-0.5489999999999996;2.134070697934476E-11
-0.5479999999999996;2.1260770921571748E-11
-0.5469999999999996;2.1180390774588886E-11
-0.5459999999999996;2.10997885830011E-11
-0.5449999999999996;2.1018742302203464E-11
-0.5439999999999996;2.0937029887591052E-11
-0.5429999999999996;2.085531747297864E-11
-0.5419999999999996;2.077271687994653E-11
-0.5409999999999996;2.0690116286914417E-11
-0.5399999999999996;2.060684956006753E-11
-0.5389999999999996;2.052336078861572E-11
-0.5379999999999996;2.0439649972558982E-11
-0.5369999999999996;2.0355050978082545E-11
-0.5359999999999996;2.0270229939001183E-11
-0.5349999999999996;2.018540889991982E-11
-0.5339999999999996;2.009969968241876E-11
-0.5329999999999996;2.0013768420312772E-11
-0.5319999999999996;1.9927393068996935E-11
-0.5309999999999996;1.9840573628471248E-11
-0.5299999999999996;1.9753532143340635E-11
-0.5289999999999996;1.9666046569000173E-11
-0.5279999999999996;1.9578338950054786E-11
-0.5269999999999996;1.9489965197294623E-11
-0.5259999999999996;1.9401369399929536E-11
-0.5249999999999996;1.9312329513354598E-11
-0.5239999999999996;1.9223067582174735E-11
-0.5229999999999996;1.9133139517180098E-11
-0.5219999999999996;1.9042989407580535E-11
-0.5209999999999996;1.8952617253376047E-11
-0.5199999999999996;1.8861578965356784E-11
-0.5189999999999996;1.8770318632732597E-11
-0.5179999999999996;1.8678836255503484E-11
-0.5169999999999996;1.858690978906452E-11
-0.5159999999999996;1.8494317188810783E-11
-0.5149999999999996;1.8401724588557045E-11
-0.5139999999999996;1.8308687899093457E-11
-0.5129999999999996;1.8215429165024943E-11
-0.5119999999999996;1.812172634174658E-11
-0.5109999999999996;1.8027357384653442E-11
-0.5099999999999996;1.7932988427560304E-11
-0.5089999999999996;1.7838175381257315E-11
-0.5079999999999996;1.7743140290349402E-11
-0.5069999999999996;1.7647439065626713E-11
-0.5059999999999996;1.7551737840904025E-11
-0.5049999999999996;1.7455592526971486E-11
-0.5039999999999996;1.7359003123829098E-11
-0.5029999999999996;1.7262191676081784E-11
-0.5019999999999996;1.716493613912462E-11
-0.5009999999999996;1.706745855756253E-11
-0.49999999999999956;1.6969536886790593E-11
-0.49899999999999956;1.687139317141373E-11
-0.49799999999999955;1.677302741143194E-11
-0.49699999999999955;1.66742175622403E-11
-0.49599999999999955;1.6574963623838812E-11
-0.49499999999999955;1.6475487640832398E-11
-0.49399999999999955;1.637578961322106E-11
-0.49299999999999955;1.627564749639987E-11
-0.49199999999999955;1.617550537957868E-11
-0.49099999999999955;1.6074697128942717E-11
-0.48999999999999955;1.5973666833701827E-11
-0.48899999999999955;1.5872414493856013E-11
-0.48799999999999955;1.577071806480035E-11
-0.48699999999999954;1.5668577546534834E-11
-0.48599999999999954;1.556643702826932E-11
-0.48499999999999954;1.546407446539888E-11
-0.48399999999999954;1.536126781331859E-11
-0.48299999999999954;1.525801707202845E-11
-0.48199999999999954;1.5154766330738312E-11
-0.48099999999999954;1.5051071500238322E-11
-0.47999999999999954;1.4947154625133408E-11
-0.47899999999999954;1.4842793660818643E-11
-0.47799999999999954;1.4738210651898953E-11
-0.47699999999999954;1.4633405598374338E-11
-0.47599999999999953;1.4528378500244798E-11
-0.47499999999999953;1.4422907312905409E-11
-0.47399999999999953;1.4317436125566019E-11
-0.47299999999999953;1.4211298804411854E-11
-0.47199999999999953;1.4105161483257689E-11
-0.47099999999999953;1.3998802117498599E-11
-0.46999999999999953;1.3891998662529659E-11
-0.46899999999999953;1.3785195207560719E-11
-0.4679999999999995;1.3677947663381929E-11
-0.4669999999999995;1.3570256029993288E-11
-0.4659999999999995;1.3462342351999723E-11
-0.4649999999999995;1.3354428674006158E-11
-0.4639999999999995;1.3246292951407668E-11
-0.4629999999999995;1.3137713139599327E-11
-0.4619999999999995;1.3028911283186062E-11
-0.4609999999999995;1.2919887382167872E-11
-0.4599999999999995;1.2810641436544756E-11
-0.4589999999999995;1.2701395490921641E-11
-0.4579999999999995;1.259148341148375E-11
-0.4569999999999995;1.2481349287440935E-11
-0.4559999999999995;1.237121516339812E-11
-0.4549999999999995;1.2260636950145454E-11
-0.4539999999999995;1.2150280781497713E-11
-0.4529999999999995;1.2039258479035198E-11
-0.4519999999999995;1.1928014131967757E-11
-0.4509999999999995;1.1816769784900316E-11
-0.4499999999999995;1.1705081348623025E-11
-0.4489999999999995;1.1593392912345735E-11
-0.4479999999999995;1.1481482431463519E-11
-0.4469999999999995;1.1369127861371453E-11
-0.4459999999999995;1.1256773291279387E-11
-0.4449999999999995;1.1144196676582396E-11
-0.4439999999999995;1.103139801728048E-11
-0.4429999999999995;1.091837731337364E-11
-0.4419999999999995;1.0805134564861874E-11
-0.4409999999999995;1.0691447727140257E-11
-0.4399999999999995;1.0577982934023566E-11
-0.4389999999999995;1.0464074051697025E-11
-0.4379999999999995;1.0350165169370484E-11
-0.4369999999999995;1.0235812197834093E-11
-0.4359999999999995;1.0121459226297702E-11
-0.4349999999999995;1.0006884210156386E-11
-0.4339999999999995;9.892087149410145E-12
-0.4329999999999995;9.777068044058979E-12
-0.4319999999999995;9.662048938707812E-12
-0.4309999999999995;9.546807788751721E-12
-0.4299999999999995;9.43112254958578E-12
-0.4289999999999995;9.315437310419838E-12
-0.4279999999999995;9.199752071253897E-12
-0.4269999999999995;9.083622742878106E-12
-0.4259999999999995;8.967493414502314E-12
-0.4249999999999995;8.851142041521598E-12
-0.4239999999999995;8.734790668540882E-12
-0.4229999999999995;8.61821725095524E-12
-0.4219999999999995;8.501199744159749E-12
-0.4209999999999995;8.384182237364257E-12
-0.4199999999999995;8.267164730568766E-12
-0.4189999999999995;8.149925179168349E-12
-0.4179999999999995;8.032463583163008E-12
-0.4169999999999995;7.915001987157666E-12
-0.4159999999999995;7.7973183465474E-12
-0.4149999999999995;7.679412661332208E-12
-0.4139999999999995;7.561506976117016E-12
-0.4129999999999995;7.4433792462969E-12
-0.4119999999999995;7.325251516476783E-12
-0.4109999999999995;7.206901742051741E-12
-0.4099999999999995;7.0883299230217744E-12
-0.4089999999999995;6.969758103991808E-12
-0.4079999999999995;6.850964240356916E-12
-0.4069999999999995;6.731948332117099E-12
-0.4059999999999995;6.6131544684822074E-12
-0.40499999999999947;6.494138560242391E-12
-0.40399999999999947;6.374900607397649E-12
-0.40299999999999947;6.255440609947982E-12
-0.40199999999999947;6.135980612498315E-12
-0.40099999999999947;6.016520615048648E-12
-0.39999999999999947;5.8968385729940564E-12
-0.39899999999999947;5.7771565309394646E-12
-0.39799999999999947;5.657252444279948E-12
-0.39699999999999946;5.537348357620431E-12
-0.39599999999999946;5.417444270960914E-12
-0.39499999999999946;5.297318139696472E-12
-0.39399999999999946;5.176969963827105E-12
-0.39299999999999946;5.056621787957738E-12
-0.39199999999999946;4.936273612088371E-12
-0.39099999999999946;4.815925436219004E-12
-0.38999999999999946;4.695133171139787E-12
-0.38899999999999946;4.574562950665495E-12
-0.38799999999999946;4.453992730191203E-12
-0.38699999999999946;4.332978420507061E-12
-0.38599999999999945;4.212186155427844E-12
-0.38499999999999945;4.091615934953552E-12
-0.38399999999999945;3.97060162526941E-12
-0.38299999999999945;3.849587315585268E-12
-0.38199999999999945;3.728350961296201E-12
-0.38099999999999945;3.6073366516120586E-12
-0.37999999999999945;3.4858782527180665E-12
-0.37899999999999945;3.3646418984289994E-12
-0.37799999999999945;3.2434055441399323E-12
-0.37699999999999945;3.12194714524594E-12
-0.37599999999999945;3.000710790956873E-12
-0.37499999999999944;2.879030347457956E-12
-0.37399999999999944;2.757793993168889E-12
-0.37299999999999944;2.6361135496699717E-12
-0.37199999999999944;2.5146551507759796E-12
-0.37099999999999944;2.3929747072770624E-12
-0.36999999999999944;2.2715163083830703E-12
-0.36899999999999944;2.149835864884153E-12
-0.36799999999999944;2.028155421385236E-12
-0.36699999999999944;1.906474977886319E-12
-0.36599999999999944;1.7845724897824766E-12
-0.36499999999999944;1.6626700016786344E-12
-0.36399999999999944;1.5409895581797173E-12
-0.36299999999999943;1.4193091146808001E-12
-0.36199999999999943;1.297406626576958E-12
-0.36099999999999943;1.1757261830780408E-12
-0.35999999999999943;1.0538236949741986E-12
-0.35899999999999943;9.319212068703564E-13
-0.35799999999999943;8.102407633714392E-13
-0.35699999999999943;6.883382752675971E-13
-0.35599999999999943;5.664357871637549E-13
-0.3549999999999994;4.447553436648377E-13
-0.3539999999999994;3.228528555609955E-13
-0.3529999999999994;2.0117241206207837E-13
-0.3519999999999994;7.926992395823618E-14
-0.3509999999999994;-4.263256414560601E-14
-0.3499999999999994;-1.6431300764452317E-13
-0.3489999999999994;-2.859934511434403E-13
-0.3479999999999994;-4.0756287233989497E-13
-0.3469999999999994;-5.294653604437372E-13
-0.3459999999999994;-6.511458039426543E-13
-0.3449999999999994;-7.72715225139109E-13
-0.3439999999999994;-8.943956686380261E-13
-0.3429999999999994;-1.0160761121369433E-12
-0.3419999999999994;-1.1374234887284729E-12
-0.3409999999999994;-1.2589929099249275E-12
-0.3399999999999994;-1.3805623311213822E-12
-0.3389999999999994;-1.5020207300153743E-12
-0.3379999999999994;-1.6232570843044414E-12
-0.3369999999999994;-1.744604460895971E-12
-0.3359999999999994;-1.8659518374875006E-12
-0.3349999999999994;-1.9871881917765677E-12
-0.3339999999999994;-2.1085355683680973E-12
-0.3329999999999994;-2.229438855749777E-12
-0.3319999999999994;-2.350453165433919E-12
-0.3309999999999994;-2.4715784974205235E-12
-0.3299999999999994;-2.5925928071046656E-12
-0.3289999999999994;-2.7133850721838826E-12
-0.3279999999999994;-2.8341773372630996E-12
-0.3269999999999994;-2.955080624644779E-12
-0.3259999999999994;-3.0757618674215337E-12
-0.3249999999999994;-3.1963320878958257E-12
-0.3239999999999994;-3.316791286067655E-12
-0.3229999999999994;-3.4372504842394846E-12
-0.3219999999999994;-3.557487637806389E-12
-0.3209999999999994;-3.677835813675756E-12
-0.3199999999999994;-3.797961944940198E-12
-0.3189999999999994;-3.91808807620464E-12
-0.3179999999999994;-4.037992162864157E-12
-0.3169999999999994;-4.158007271826136E-12
-0.3159999999999994;-4.277689313880728E-12
-0.3149999999999994;-4.3972603336328575E-12
-0.3139999999999994;-4.517053397989912E-12
-0.3129999999999994;-4.636624417742041E-12
-0.3119999999999994;-4.755862370586783E-12
-0.3109999999999994;-4.87532236803645E-12
-0.3099999999999994;-4.994449298578729E-12
-0.3089999999999994;-5.113465206818546E-12
-0.3079999999999994;-5.232259070453438E-12
-0.3069999999999994;-5.3512749786932545E-12
-0.3059999999999994;-5.469957820025684E-12
-0.3049999999999994;-5.588418616753188E-12
-0.3039999999999994;-5.707101458085617E-12
-0.3029999999999994;-5.825229187905734E-12
-0.3019999999999994;-5.9435789623307755E-12
-0.3009999999999994;-6.06159566984843E-12
-0.2999999999999994;-6.179390332761159E-12
-0.2989999999999994;-6.2972960179763504E-12
-0.2979999999999994;-6.414979658586617E-12
-0.2969999999999994;-6.5324412545919586E-12
-0.2959999999999994;-6.649791828294838E-12
-0.2949999999999994;-6.767142401997717E-12
-0.2939999999999994;-6.884270931095671E-12
-0.29299999999999937;-7.0011774155887E-12
-0.29199999999999937;-7.117972877779266E-12
-0.29099999999999937;-7.2345462953649076E-12
-0.28999999999999937;-7.351008690648086E-12
-0.28899999999999937;-7.467471085931265E-12
-0.28799999999999937;-7.583378369702132E-12
-0.28699999999999937;-7.699618720380386E-12
-0.28599999999999937;-7.81541498184879E-12
-0.28499999999999936;-7.930878176409806E-12
-0.28399999999999936;-8.046563415575747E-12
-0.28299999999999936;-8.161693543229376E-12
-0.28199999999999936;-8.276934693185467E-12
-0.28099999999999936;-8.392064820839096E-12
-0.27999999999999936;-8.50652881467795E-12
-0.27899999999999936;-8.62132587542419E-12
-0.27799999999999936;-8.735678846960582E-12
-0.27699999999999936;-8.850031818496973E-12
-0.27599999999999936;-8.963940700823514E-12
-0.27499999999999936;-9.077738560847592E-12
-0.27399999999999936;-9.191425398569208E-12
-0.27299999999999935;-9.305001213988362E-12
-0.27199999999999935;-9.41835498480259E-12
-0.27099999999999935;-9.531375688709431E-12
-0.26999999999999935;-9.644063325708885E-12
-0.26899999999999935;-9.756750962708338E-12
-0.26799999999999935;-9.869438599707792E-12
-0.26699999999999935;-9.981682147497395E-12
-0.26599999999999935;-1.0093703650682073E-11
-0.26499999999999935;-1.0205503109261826E-11
-0.26399999999999935;-1.0317080523236655E-11
-0.26299999999999935;-1.0428657937211483E-11
-0.26199999999999934;-1.0539791261976461E-11
-0.26099999999999934;-1.0650813564438977E-11
-0.25999999999999934;-1.0761502799994105E-11
-0.25899999999999934;-1.087208101324677E-11
-0.25799999999999934;-1.0982215137289586E-11
-0.25699999999999934;-1.1092349261332402E-11
-0.25599999999999934;-1.1202261340770292E-11
-0.25499999999999934;-1.1311951375603257E-11
-0.25399999999999934;-1.142108629892391E-11
-0.25299999999999934;-1.1530221222244563E-11
-0.25199999999999934;-1.1639245123262754E-11
-0.25099999999999933;-1.1747935957373556E-11
-0.24999999999999933;-1.1856293724576972E-11
-0.24899999999999933;-1.1964540469477924E-11
-0.24799999999999933;-1.207245414747149E-11
-0.24699999999999933;-1.2180034758557667E-11
-0.24599999999999933;-1.2287504347341383E-11
-0.24499999999999933;-1.239464086921771E-11
-0.24399999999999933;-1.2501555346489113E-11
-0.24299999999999933;-1.2608136756853128E-11
-0.24199999999999933;-1.271460714491468E-11
-0.24099999999999933;-1.2820744466068845E-11
-0.23999999999999932;-1.2926548720315623E-11
-0.23899999999999932;-1.3032241952259938E-11
-0.23799999999999932;-1.313738007269194E-11
-0.23699999999999932;-1.3242518193123942E-11
-0.23599999999999932;-1.3347323246648557E-11
-0.23499999999999932;-1.3451684210963322E-11
-0.23399999999999932;-1.3556045175278086E-11
-0.23299999999999932;-1.3659962050383001E-11
-0.23199999999999932;-1.376365688088299E-11
-0.23099999999999932;-1.3867018644475593E-11
-0.22999999999999932;-1.3970269385765732E-11
-0.22899999999999932;-1.407296501554356E-11
-0.22799999999999931;-1.4175438600716461E-11
-0.2269999999999993;-1.42778011635869E-11
-0.2259999999999993;-1.437971963724749E-11
-0.2249999999999993;-1.4481416066303154E-11
-0.2239999999999993;-1.458266840614897E-11
-0.2229999999999993;-1.4683698701389858E-11
-0.2219999999999993;-1.4784617974328285E-11
-0.2209999999999993;-1.48849821357544E-11
-0.2199999999999993;-1.498523527487805E-11
-0.2189999999999993;-1.5085155347094314E-11
-0.2179999999999993;-1.518463133010073E-11
-0.2169999999999993;-1.5283663223897292E-11
-0.2159999999999993;-1.5382584095391394E-11
-0.2149999999999993;-1.548128292228057E-11
-0.2139999999999993;-1.557964868226236E-11
-0.2129999999999993;-1.5677570353034298E-11
-0.2119999999999993;-1.5775269979201312E-11
-0.2109999999999993;-1.5872525516158476E-11
-0.2099999999999993;-1.5969670030813177E-11
-0.2089999999999993;-1.6066259433955565E-11
-0.2079999999999993;-1.6162515770190566E-11
-0.2069999999999993;-1.6258772106425567E-11
-0.2059999999999993;-1.6354362308845793E-11
-0.2049999999999993;-1.6449730466661094E-11
-0.2039999999999993;-1.6544765557569008E-11
-0.2029999999999993;-1.6639467581569534E-11
-0.2019999999999993;-1.6733836538662672E-11
-0.2009999999999993;-1.6827872428848423E-11
-0.1999999999999993;-1.6921464229824323E-11
-0.1989999999999993;-1.701494500849776E-11
-0.1979999999999993;-1.710798169796135E-11
-0.1969999999999993;-1.7200574298215088E-11
-0.19599999999999929;-1.72929448538639E-11
-0.19499999999999929;-1.73847602980004E-11
-0.19399999999999928;-1.7476242675229514E-11
-0.19299999999999928;-1.7567725052458627E-11
-0.19199999999999928;-1.7658652318175427E-11
-0.19099999999999928;-1.7749024472379915E-11
-0.18999999999999928;-1.783928560428194E-11
-0.18899999999999928;-1.7928991624671653E-11
-0.18799999999999928;-1.801847560045644E-11
-0.18699999999999928;-1.810762650933384E-11
-0.18599999999999928;-1.8196444351303853E-11
-0.18499999999999928;-1.8284818104064016E-11
-0.18399999999999928;-1.8372747767614328E-11
-0.18299999999999927;-1.8460344364257253E-11
-0.18199999999999927;-1.854760789399279E-11
-0.18099999999999927;-1.863453835682094E-11
-0.17999999999999927;-1.8720913708136777E-11
-0.17899999999999927;-1.880706701484769E-11
-0.17799999999999927;-1.8892887254651214E-11
-0.17699999999999927;-1.897826340524489E-11
-0.17599999999999927;-1.9063195466628713E-11
-0.17499999999999927;-1.914779446110515E-11
-0.17399999999999927;-1.9232171410976662E-11
-0.17299999999999927;-1.93158822270334E-11
-0.17199999999999926;-1.9399148953880285E-11
-0.17099999999999926;-1.948230465842471E-11
-0.16999999999999926;-1.9565016273759284E-11
-0.16899999999999926;-1.9647061755279083E-11
-0.16799999999999926;-1.9729107236798882E-11
-0.16699999999999926;-1.9810597606806368E-11
-0.16599999999999926;-1.9891643887604005E-11
-0.16499999999999926;-1.997224607919179E-11
-0.16399999999999926;-2.0052626226174652E-11
-0.16299999999999926;-2.01324512616452E-11
-0.16199999999999926;-2.0211943230208362E-11
-0.16099999999999925;-2.029088008725921E-11
-0.15999999999999925;-2.0369705922007597E-11
-0.15899999999999925;-2.0447865622941208E-11
-0.15799999999999925;-2.0525914301572357E-11
-0.15699999999999925;-2.0603185824086268E-11
-0.15599999999999925;-2.0680235301995253E-11
-0.15499999999999925;-2.075684069069439E-11
-0.15399999999999925;-2.0833001990183675E-11
-0.15299999999999925;-2.090871920046311E-11
-0.15199999999999925;-2.098410334383516E-11
-0.15099999999999925;-2.105915442029982E-11
-0.14999999999999925;-2.1133428340647242E-11
-0.14899999999999924;-2.1207591238692203E-11
-0.14799999999999924;-2.128119902522485E-11
-0.14699999999999924;-2.1354584767152573E-11
-0.14599999999999924;-2.142730437526552E-11
-0.14499999999999924;-2.149969091647108E-11
-0.14399999999999924;-2.1571744390769254E-11
-0.14299999999999924;-2.164302070895019E-11
-0.14199999999999924;-2.1714186004828662E-11
-0.14099999999999924;-2.1784796189194822E-11
-0.13999999999999924;-2.185485126204867E-11
-0.13899999999999924;-2.1924906334902516E-11
-0.13799999999999923;-2.1994184251639126E-11
-0.13699999999999923;-2.2063129101468348E-11
-0.13599999999999923;-2.213162986208772E-11
-0.13499999999999923;-2.2199686533497243E-11
-0.13399999999999923;-2.226707707109199E-11
-0.13299999999999923;-2.2334356586384274E-11
-0.13199999999999923;-2.2401080990164246E-11
-0.13099999999999923;-2.2467139260129443E-11
-0.12999999999999923;-2.2533086507792177E-11
-0.12899999999999923;-2.25984786439426E-11
-0.12799999999999923;-2.2663315668580708E-11
-0.12699999999999922;-2.2727708604008967E-11
-0.12599999999999922;-2.2791657450227376E-11
-0.12499999999999922;-2.2855273229538398E-11
-0.12399999999999922;-2.2918222875034644E-11
-0.12299999999999922;-2.2980839453623503E-11
-0.12199999999999922;-2.3043122965304974E-11
-0.12099999999999922;-2.3104851365474133E-11
-0.11999999999999922;-2.316602465413098E-11
-0.11899999999999922;-2.3226753853577975E-11
-0.11799999999999922;-2.328703896381512E-11
-0.11699999999999922;-2.3346879984842417E-11
-0.11599999999999921;-2.3406387938962325E-11
-0.11499999999999921;-2.346534078156992E-11
-0.11399999999999921;-2.3523738512665204E-11
-0.11299999999999921;-2.3581692154550637E-11
-0.11199999999999921;-2.3639312729528683E-11
-0.11099999999999921;-2.3696378192994416E-11
-0.10999999999999921;-2.3752888544947837E-11
-0.10899999999999921;-2.3808954807691407E-11
-0.10799999999999921;-2.386468800352759E-11
-0.1069999999999992;-2.391986608785146E-11
-0.1059999999999992;-2.3974378038360555E-11
-0.1049999999999992;-2.4028778966567188E-11
-0.1039999999999992;-2.4082402738656583E-11
-0.1029999999999992;-2.4135582421536128E-11
-0.1019999999999992;-2.4188429037508286E-11
-0.1009999999999992;-2.4240609519665668E-11
-0.0999999999999992;-2.4292567957218125E-11
-0.0989999999999992;-2.4343860260955807E-11
-0.0979999999999992;-2.4394597453181177E-11
-0.0969999999999992;-2.444500157849916E-11
-0.0959999999999992;-2.4494739570002366E-11
-0.0949999999999992;-2.4544144494598186E-11
-0.0939999999999992;-2.4593216352286618E-11
-0.0929999999999992;-2.4641622076160274E-11
-0.0919999999999992;-2.468958371082408E-11
-0.09099999999999919;-2.4736879211673113E-11
-0.08999999999999919;-2.4783841645614757E-11
-0.08899999999999919;-2.4830137945741626E-11
-0.08799999999999919;-2.487621220126357E-11
-0.08699999999999919;-2.4921842367575664E-11
-0.08599999999999919;-2.496669537777052E-11
-0.08499999999999919;-2.501121532105799E-11
-0.08399999999999919;-2.5055069130530683E-11
-0.08299999999999919;-2.509858987309599E-11
-0.08199999999999918;-2.5141555504148982E-11
-0.08099999999999918;-2.5183966023689663E-11
-0.07999999999999918;-2.5226043476322957E-11
-0.07899999999999918;-2.5267565817443938E-11
-0.07799999999999918;-2.5308533047052606E-11
-0.07699999999999918;-2.5348723120544037E-11
-0.07599999999999918;-2.5388802171733005E-11
-0.07499999999999918;-2.542832611140966E-11
-0.07399999999999918;-2.5467405961876466E-11
-0.07299999999999918;-2.550593070083096E-11
-0.07199999999999918;-2.554345623906329E-11
-0.07099999999999917;-2.5581203821900544E-11
-0.06999999999999917;-2.56180632263181E-11
-0.06899999999999917;-2.5654589563828267E-11
-0.06799999999999917;-2.569044976752366E-11
-0.06699999999999917;-2.5725865882009202E-11
-0.06599999999999917;-2.5760726884982432E-11
-0.06499999999999917;-2.5795143798745812E-11
-0.06399999999999917;-2.582900560099688E-11
-0.06299999999999917;-2.586220126943317E-11
-0.06199999999999917;-2.589517489326454E-11
-0.060999999999999166;-2.592748238328113E-11
-0.059999999999999165;-2.5959456806390335E-11
-0.058999999999999164;-2.5990765095684765E-11
-0.05799999999999916;-2.602151827346688E-11
-0.05699999999999916;-2.6051827362039148E-11
-0.05599999999999916;-2.6081581339099102E-11
-0.05499999999999916;-2.611100224925167E-11
-0.05399999999999916;-2.6139534980984536E-11
-0.05299999999999916;-2.6167845668112477E-11
-0.05199999999999916;-2.6195490221425644E-11
-0.05099999999999916;-2.622269068552896E-11
-0.049999999999999156;-2.6249447060422426E-11
-0.048999999999999155;-2.6275537301501117E-11
-0.047999999999999154;-2.630118345336996E-11
-0.046999999999999154;-2.6326163471424024E-11
-0.04599999999999915;-2.6350810422570703E-11
-0.04499999999999915;-2.637490226220507E-11
-0.04399999999999915;-2.6398438990327122E-11
-0.04299999999999915;-2.6421420606936863E-11
-0.04199999999999915;-2.644384711203429E-11
-0.04099999999999915;-2.6465940550224332E-11
-0.03999999999999915;-2.6487256832297135E-11
-0.038999999999999146;-2.6508129025160088E-11
-0.037999999999999146;-2.6528668151115653E-11
-0.036999999999999145;-2.654843012095398E-11
-0.035999999999999144;-2.656785902388492E-11
-0.03499999999999914;-2.6586510770698624E-11
-0.03399999999999914;-2.66049404729074E-11
-0.03299999999999914;-2.6622815063603866E-11
-0.03199999999999914;-2.6639912498183094E-11
-0.03099999999999914;-2.6656676865854934E-11
-0.02999999999999914;-2.6672997144316923E-11
-0.028999999999999138;-2.6688540266661676E-11
-0.027999999999999137;-2.6703639299796578E-11
-0.026999999999999136;-2.671829424372163E-11
-0.025999999999999135;-2.673239407613437E-11
-0.024999999999999134;-2.6745827774732334E-11
-0.023999999999999133;-2.6758817384120448E-11
-0.022999999999999132;-2.6771362904298712E-11
-0.02199999999999913;-2.67832422906622E-11
-0.02099999999999913;-2.679467758781584E-11
-0.01999999999999913;-2.680566879575963E-11
-0.01899999999999913;-2.6816104892191106E-11
-0.017999999999999128;-2.6825874854807807E-11
-0.016999999999999127;-2.683520072821466E-11
-0.015999999999999126;-2.684408251241166E-11
-0.014999999999999125;-2.6852187140491424E-11
-0.013999999999999124;-2.6859847679361337E-11
-0.012999999999999123;-2.68670641290214E-11
-0.011999999999999122;-2.6873836489471614E-11
-0.010999999999999122;-2.6879942716107053E-11
-0.00999999999999912;-2.6885382808927716E-11
-0.00899999999999912;-2.689048983484099E-11
-0.007999999999999119;-2.6895041749241955E-11
-0.006999999999999119;-2.689881650752568E-11
-0.005999999999999119;-2.690236922120448E-11
-0.004999999999999119;-2.690536682337097E-11
-0.003999999999999119;-2.6907809314025144E-11
-0.002999999999999119;-2.6909696693167007E-11
-0.001999999999999119;-2.6910806916191632E-11
-0.0009999999999991188;-2.691158407230887E-11
8.81239525796218E-16;-2.691202816151872E-11
0.0010000000000008813;-2.691158407230887E-11
0.0020000000000008813;-2.6910806916191632E-11
0.0030000000000008813;-2.6909696693167007E-11
0.004000000000000881;-2.6907809314025144E-11
0.005000000000000881;-2.690536682337097E-11
0.006000000000000881;-2.690236922120448E-11
0.007000000000000881;-2.689881650752568E-11
0.008000000000000881;-2.6895041749241955E-11
0.009000000000000882;-2.6890267790236067E-11
0.010000000000000883;-2.6885382808927716E-11
0.011000000000000884;-2.6879942716107053E-11
0.012000000000000885;-2.6873725467169152E-11
0.013000000000000886;-2.68670641290214E-11
0.014000000000000887;-2.6859847679361337E-11
0.015000000000000888;-2.685207611818896E-11
0.01600000000000089;-2.684408251241166E-11
0.01700000000000089;-2.683520072821466E-11
0.01800000000000089;-2.6825874854807807E-11
0.01900000000000089;-2.6816104892191106E-11
0.020000000000000892;-2.680566879575963E-11
0.021000000000000893;-2.679467758781584E-11
0.022000000000000894;-2.6783464335267126E-11
0.023000000000000895;-2.6771362904298712E-11
0.024000000000000896;-2.6758817384120448E-11
0.025000000000000897;-2.6745827774732334E-11
0.026000000000000897;-2.6732283053831907E-11
0.0270000000000009;-2.671829424372163E-11
0.0280000000000009;-2.670375032209904E-11
0.0290000000000009;-2.6688540266661676E-11
0.0300000000000009;-2.6672997144316923E-11
0.031000000000000902;-2.6656787888157396E-11
0.0320000000000009;-2.664013454278802E-11
0.033000000000000904;-2.6622815063603866E-11
0.034000000000000904;-2.6604718428302476E-11
0.035000000000000905;-2.658673281530355E-11
0.036000000000000906;-2.656785902388492E-11
0.03700000000000091;-2.654843012095398E-11
0.03800000000000091;-2.6528668151115653E-11
0.03900000000000091;-2.6508351069765013E-11
0.04000000000000091;-2.6487256832297135E-11
0.04100000000000091;-2.6465718505619407E-11
0.04200000000000091;-2.644384711203429E-11
0.04300000000000091;-2.6421420606936863E-11
0.04400000000000091;-2.6398438990327122E-11
0.045000000000000914;-2.637490226220507E-11
0.046000000000000915;-2.6350810422570703E-11
0.047000000000000916;-2.6326274493726487E-11
0.04800000000000092;-2.630118345336996E-11
0.04900000000000092;-2.627564832380358E-11
0.05000000000000092;-2.6249447060422426E-11
0.05100000000000092;-2.622269068552896E-11
0.05200000000000092;-2.6195601243728106E-11
0.05300000000000092;-2.616795669041494E-11
0.05400000000000092;-2.6139646003286998E-11
0.05500000000000092;-2.6110891226949207E-11
0.056000000000000924;-2.6081692361401565E-11
0.057000000000000925;-2.6051827362039148E-11
0.058000000000000926;-2.602151827346688E-11
0.05900000000000093;-2.5990765095684765E-11
0.06000000000000093;-2.5959567828692798E-11
0.06100000000000093;-2.5927593405583593E-11
0.06200000000000093;-2.5895285915567E-11
0.06300000000000093;-2.5862423314038097E-11
0.06400000000000093;-2.582900560099688E-11
0.06500000000000093;-2.5795143798745812E-11
0.06600000000000093;-2.5760726884982432E-11
0.06700000000000093;-2.5725865882009202E-11
0.06800000000000093;-2.5690671812128585E-11
0.06900000000000094;-2.5654478541525805E-11
0.07000000000000094;-2.56180632263181E-11
0.07100000000000094;-2.5581092799598082E-11
0.07200000000000094;-2.5543678283668214E-11
0.07300000000000094;-2.5505708656226034E-11
0.07400000000000094;-2.546718391727154E-11
0.07500000000000094;-2.5428548156014585E-11
0.07600000000000094;-2.5388802171733005E-11
0.07700000000000094;-2.5348945165148962E-11
0.07800000000000094;-2.5308533047052606E-11
0.07900000000000094;-2.5267565817443938E-11
0.08000000000000095;-2.5226043476322957E-11
0.08100000000000095;-2.5183966023689663E-11
0.08200000000000095;-2.5141555504148982E-11
0.08300000000000095;-2.509858987309599E-11
0.08400000000000095;-2.5055291175135608E-11
0.08500000000000095;-2.5011104298755527E-11
0.08600000000000095;-2.4966584355468058E-11
0.08700000000000095;-2.492162032297074E-11
0.08800000000000095;-2.487621220126357E-11
0.08900000000000095;-2.483035999034655E-11
0.09000000000000095;-2.4783841645614757E-11
0.09100000000000096;-2.473676818937065E-11
0.09200000000000096;-2.468947268852162E-11
0.09300000000000096;-2.4641622076160274E-11
0.09400000000000096;-2.4593216352286618E-11
0.09500000000000096;-2.4544144494598186E-11
0.09600000000000096;-2.449485059230483E-11
0.09700000000000096;-2.444500157849916E-11
0.09800000000000096;-2.439470847548364E-11
0.09900000000000096;-2.4343860260955807E-11
0.10000000000000096;-2.4292456934915663E-11
0.10100000000000096;-2.4240609519665668E-11
0.10200000000000096;-2.4188429037508286E-11
0.10300000000000097;-2.413569344383859E-11
0.10400000000000097;-2.4082402738656583E-11
0.10500000000000097;-2.4028667944264726E-11
0.10600000000000097;-2.3974378038360555E-11
0.10700000000000097;-2.391986608785146E-11
0.10800000000000097;-2.386468800352759E-11
0.10900000000000097;-2.3808954807691407E-11
0.11000000000000097;-2.3752888544947837E-11
0.11100000000000097;-2.3696267170691954E-11
0.11200000000000097;-2.363920170722622E-11
0.11300000000000097;-2.35818031768531E-11
0.11400000000000098;-2.3523738512665204E-11
0.11500000000000098;-2.346522975926746E-11
0.11600000000000098;-2.3406387938962325E-11
0.11700000000000098;-2.334699100714488E-11
0.11800000000000098;-2.328703896381512E-11
0.11900000000000098;-2.3226753853577975E-11
0.12000000000000098;-2.316613567643344E-11
0.12100000000000098;-2.3104851365474133E-11
0.12200000000000098;-2.3043122965304974E-11
0.12300000000000098;-2.2980950475925965E-11
0.12400000000000098;-2.2918333897337106E-11
0.12500000000000097;-2.2855162207235935E-11
0.12600000000000097;-2.27918794948323E-11
0.12700000000000097;-2.2727486559404042E-11
0.12800000000000097;-2.2663093623975783E-11
0.12900000000000097;-2.2598256599337674E-11
0.13000000000000098;-2.2533086507792177E-11
0.13100000000000098;-2.2467139260129443E-11
0.13200000000000098;-2.240085894555932E-11
0.13300000000000098;-2.2334356586384274E-11
0.13400000000000098;-2.2267299115696915E-11
0.13500000000000098;-2.2199464488892318E-11
0.13600000000000098;-2.2131407817482796E-11
0.13700000000000098;-2.2063351146073273E-11
0.13800000000000098;-2.199440629624405E-11
0.13900000000000098;-2.1924906334902516E-11
0.14000000000000098;-2.1855073306653594E-11
0.14100000000000099;-2.1784796189194822E-11
0.142000000000001;-2.1714186004828662E-11
0.143000000000001;-2.1643242753555114E-11
0.144000000000001;-2.157152234616433E-11
0.145000000000001;-2.149969091647108E-11
0.146000000000001;-2.142730437526552E-11
0.147000000000001;-2.1354584767152573E-11
0.148000000000001;-2.1281421069829776E-11
0.149000000000001;-2.1207591238692203E-11
0.150000000000001;-2.1133650385252167E-11
0.151000000000001;-2.105915442029982E-11
0.152000000000001;-2.098410334383516E-11
0.153000000000001;-2.0908830222765573E-11
0.154000000000001;-2.0833001990183675E-11
0.155000000000001;-2.075684069069439E-11
0.156000000000001;-2.0680235301995253E-11
0.157000000000001;-2.0603185824086268E-11
0.158000000000001;-2.052569225696743E-11
0.159000000000001;-2.0447865622941208E-11
0.160000000000001;-2.0369705922007597E-11
0.161000000000001;-2.0290991109561674E-11
0.162000000000001;-2.0211943230208362E-11
0.163000000000001;-2.01324512616452E-11
0.164000000000001;-2.0052626226174652E-11
0.165000000000001;-1.997224607919179E-11
0.166000000000001;-1.9891643887604005E-11
0.167000000000001;-1.9810597606806368E-11
0.168000000000001;-1.9729107236798882E-11
0.169000000000001;-1.9647061755279083E-11
0.170000000000001;-1.956479422915436E-11
0.171000000000001;-1.948230465842471E-11
0.172000000000001;-1.939937099848521E-11
0.17300000000000101;-1.93158822270334E-11
0.17400000000000101;-1.9231949366371737E-11
0.17500000000000102;-1.914779446110515E-11
0.17600000000000102;-1.9063195466628713E-11
0.17700000000000102;-1.897826340524489E-11
0.17800000000000102;-1.8892887254651214E-11
0.17900000000000102;-1.880706701484769E-11
0.18000000000000102;-1.8720913708136777E-11
0.18100000000000102;-1.863453835682094E-11
0.18200000000000102;-1.8547496871690328E-11
0.18300000000000102;-1.8460344364257253E-11
0.18400000000000102;-1.8372747767614328E-11
0.18500000000000102;-1.8284818104064016E-11
0.18600000000000103;-1.8196444351303853E-11
0.18700000000000103;-1.810762650933384E-11
0.18800000000000103;-1.8018586622758903E-11
0.18900000000000103;-1.7928991624671653E-11
0.19000000000000103;-1.783928560428194E-11
0.19100000000000103;-1.774924651698484E-11
0.19200000000000103;-1.7658541295872965E-11
0.19300000000000103;-1.7567725052458627E-11
0.19400000000000103;-1.7476353697531977E-11
0.19500000000000103;-1.73847602980004E-11
0.19600000000000103;-1.72929448538639E-11
0.19700000000000104;-1.7200574298215088E-11
0.19800000000000104;-1.710798169796135E-11
0.19900000000000104;-1.701494500849776E-11
0.20000000000000104;-1.6921464229824323E-11
0.20100000000000104;-1.6827872428848423E-11
0.20200000000000104;-1.6733947560965134E-11
0.20300000000000104;-1.6639467581569534E-11
0.20400000000000104;-1.6544765557569008E-11
0.20500000000000104;-1.6449730466661094E-11
0.20600000000000104;-1.6354362308845793E-11
0.20700000000000104;-1.6258661084123105E-11
0.20800000000000105;-1.616262679249303E-11
0.20900000000000105;-1.6066370456258028E-11
0.21000000000000105;-1.5969559008510714E-11
0.21100000000000105;-1.5872525516158476E-11
0.21200000000000105;-1.577515895689885E-11
0.21300000000000105;-1.5677459330731836E-11
0.21400000000000105;-1.5579537659959897E-11
0.21500000000000105;-1.5481393944583033E-11
0.21600000000000105;-1.5382695117693856E-11
0.21700000000000105;-1.5283774246199755E-11
0.21800000000000105;-1.5184520307798266E-11
0.21900000000000105;-1.508493330248939E-11
0.22000000000000106;-1.4985124252575588E-11
0.22100000000000106;-1.48849821357544E-11
0.22200000000000106;-1.4784506952025822E-11
0.22300000000000106;-1.4683920745994783E-11
0.22400000000000106;-1.458277942845143E-11
0.22500000000000106;-1.4481305044000692E-11
0.22600000000000106;-1.437971963724749E-11
0.22700000000000106;-1.42778011635869E-11
0.22800000000000106;-1.4175438600716461E-11
0.22900000000000106;-1.407296501554356E-11
0.23000000000000106;-1.3970269385765732E-11
0.23100000000000107;-1.3867018644475593E-11
0.23200000000000107;-1.376365688088299E-11
0.23300000000000107;-1.3659962050383001E-11
0.23400000000000107;-1.3556045175278086E-11
0.23500000000000107;-1.3451795233265784E-11
0.23600000000000107;-1.3347323246648557E-11
0.23700000000000107;-1.324240717082148E-11
0.23800000000000107;-1.3137491094994402E-11
0.23900000000000107;-1.3032130929957475E-11
0.24000000000000107;-1.292643769801316E-11
0.24100000000000107;-1.2820633443766383E-11
0.24200000000000108;-1.271460714491468E-11
0.24300000000000108;-1.260824777915559E-11
0.24400000000000108;-1.2501555346489113E-11
0.24500000000000108;-1.2394529846915248E-11
0.24600000000000108;-1.2287504347341383E-11
0.24700000000000108;-1.2179923736255205E-11
0.24800000000000108;-1.2072343125169027E-11
0.24900000000000108;-1.1964540469477924E-11
0.25000000000000105;-1.1856293724576972E-11
0.25100000000000106;-1.1747824935071094E-11
0.25200000000000106;-1.1639356145565216E-11
0.25300000000000106;-1.1530221222244563E-11
0.25400000000000106;-1.142108629892391E-11
0.25500000000000106;-1.1311951375603257E-11
0.25600000000000106;-1.1202261340770292E-11
0.25700000000000106;-1.1092349261332402E-11
0.25800000000000106;-1.0982215137289586E-11
0.25900000000000106;-1.087208101324677E-11
0.26000000000000106;-1.0761502799994105E-11
0.26100000000000106;-1.0650813564438977E-11
0.26200000000000107;-1.0539791261976461E-11
0.26300000000000107;-1.0428657937211483E-11
0.26400000000000107;-1.031730256784158E-11
0.26500000000000107;-1.0205725153866751E-11
0.26600000000000107;-1.0093703650682073E-11
0.26700000000000107;-9.981682147497395E-12
0.26800000000000107;-9.869216555102867E-12
0.26900000000000107;-9.756973007313263E-12
0.2700000000000011;-9.64428537031381E-12
0.2710000000000011;-9.531375688709431E-12
0.2720000000000011;-9.41835498480259E-12
0.2730000000000011;-9.305001213988362E-12
0.2740000000000011;-9.191425398569208E-12
0.2750000000000011;-9.077738560847592E-12
0.2760000000000011;-8.963940700823514E-12
0.2770000000000011;-8.850031818496973E-12
0.2780000000000011;-8.735678846960582E-12
0.2790000000000011;-8.62132587542419E-12
0.2800000000000011;-8.50652881467795E-12
0.2810000000000011;-8.39184277623417E-12
0.2820000000000011;-8.276934693185467E-12
0.2830000000000011;-8.161915587834301E-12
0.2840000000000011;-8.046452393273285E-12
0.2850000000000011;-7.930878176409806E-12
0.2860000000000011;-7.81541498184879E-12
0.2870000000000011;-7.699618720380386E-12
0.2880000000000011;-7.583600414307057E-12
0.2890000000000011;-7.46724904132634E-12
0.2900000000000011;-7.351008690648086E-12
0.2910000000000011;-7.2345462953649076E-12
0.2920000000000011;-7.117972877779266E-12
0.2930000000000011;-7.0011774155887E-12
0.2940000000000011;-6.884270931095671E-12
0.2950000000000011;-6.767142401997717E-12
0.2960000000000011;-6.649791828294838E-12
0.2970000000000011;-6.5324412545919586E-12
0.2980000000000011;-6.414979658586617E-12
0.2990000000000011;-6.2972960179763504E-12
0.3000000000000011;-6.179390332761159E-12
0.3010000000000011;-6.061373625243505E-12
0.3020000000000011;-5.943467940028313E-12
0.3030000000000011;-5.825229187905734E-12
0.3040000000000011;-5.706879413480692E-12
0.3050000000000011;-5.5885296390556505E-12
0.3060000000000011;-5.469957820025684E-12
0.3070000000000011;-5.3510529340883295E-12
0.3080000000000011;-5.232481115058363E-12
0.3090000000000011;-5.113465206818546E-12
0.3100000000000011;-4.994449298578729E-12
0.3110000000000011;-4.875211345733987E-12
0.3120000000000011;-4.755862370586783E-12
0.3130000000000011;-4.636513395439579E-12
0.3140000000000011;-4.517053397989912E-12
0.3150000000000011;-4.3974823782377825E-12
0.3160000000000011;-4.277689313880728E-12
0.3170000000000011;-4.158007271826136E-12
0.3180000000000011;-4.038214207469082E-12
0.3190000000000011;-3.9179770539021774E-12
0.3200000000000011;-3.797961944940198E-12
0.3210000000000011;-3.677835813675756E-12
0.3220000000000011;-3.557487637806389E-12
0.3230000000000011;-3.4370284396345596E-12
0.3240000000000011;-3.31656924146273E-12
0.3250000000000011;-3.196221065593363E-12
0.3260000000000011;-3.075650845119071E-12
0.3270000000000011;-2.955080624644779E-12
0.3280000000000011;-2.8343993818680246E-12
0.3290000000000011;-2.7133850721838826E-12
0.3300000000000011;-2.5925928071046656E-12
0.3310000000000011;-2.4718005420254485E-12
0.3320000000000011;-2.350453165433919E-12
0.33300000000000113;-2.2295498780522394E-12
0.33400000000000113;-2.1085355683680973E-12
0.33500000000000113;-1.9872992140790302E-12
0.33600000000000113;-1.8659518374875006E-12
0.33700000000000113;-1.744604460895971E-12
0.33800000000000113;-1.6232570843044414E-12
0.33900000000000113;-1.5020207300153743E-12
0.34000000000000113;-1.3805623311213822E-12
0.34100000000000114;-1.2592149545298525E-12
0.34200000000000114;-1.137645533333398E-12
0.34300000000000114;-1.0159650898344808E-12
0.34400000000000114;-8.943956686380261E-13
0.34500000000000114;-7.72715225139109E-13
0.34600000000000114;-6.511458039426543E-13
0.34700000000000114;-5.294653604437372E-13
0.34800000000000114;-4.0756287233989497E-13
0.34900000000000114;-2.859934511434403E-13
0.35000000000000114;-1.6431300764452317E-13
0.35100000000000114;-4.263256414560601E-14
0.35200000000000115;7.926992395823618E-14
0.35300000000000115;2.0117241206207837E-13
0.35400000000000115;3.228528555609955E-13
0.35500000000000115;4.447553436648377E-13
0.35600000000000115;5.664357871637549E-13
0.35700000000000115;6.883382752675971E-13
0.35800000000000115;8.102407633714392E-13
0.35900000000000115;9.319212068703564E-13
0.36000000000000115;1.0538236949741986E-12
0.36100000000000115;1.1755041384731157E-12
0.36200000000000115;1.297406626576958E-12
0.36300000000000116;1.4193091146808001E-12
0.36400000000000116;1.5409895581797173E-12
0.36500000000000116;1.6626700016786344E-12
0.36600000000000116;1.7845724897824766E-12
0.36700000000000116;1.9062529332813938E-12
0.36800000000000116;2.027933376780311E-12
0.36900000000000116;2.149835864884153E-12
0.37000000000000116;2.2715163083830703E-12
0.37100000000000116;2.3929747072770624E-12
0.37200000000000116;2.5146551507759796E-12
0.37300000000000116;2.6361135496699717E-12
0.37400000000000116;2.757793993168889E-12
0.37500000000000117;2.879252392062881E-12
0.37600000000000117;3.000710790956873E-12
0.37700000000000117;3.1221691898508652E-12
0.37800000000000117;3.2436275887448573E-12
0.37900000000000117;3.3648639430339244E-12
0.38000000000000117;3.4861002973229915E-12
0.38100000000000117;3.6073366516120586E-12
0.38200000000000117;3.728573005901126E-12
0.3830000000000012;3.849587315585268E-12
0.3840000000000012;3.970379580664485E-12
0.3850000000000012;4.091615934953552E-12
0.3860000000000012;4.212408200032769E-12
0.3870000000000012;4.333200465111986E-12
0.3880000000000012;4.453992730191203E-12
0.3890000000000012;4.574562950665495E-12
0.3900000000000012;4.695133171139787E-12
0.3910000000000012;4.815703391614079E-12
0.3920000000000012;4.936273612088371E-12
0.3930000000000012;5.056621787957738E-12
0.3940000000000012;5.176969963827105E-12
0.3950000000000012;5.297096095091547E-12
0.3960000000000012;5.417222226355989E-12
0.3970000000000012;5.537348357620431E-12
0.3980000000000012;5.657252444279948E-12
0.3990000000000012;5.7771565309394646E-12
0.4000000000000012;5.8970606175989815E-12
0.4010000000000012;6.016520615048648E-12
0.4020000000000012;6.135980612498315E-12
0.4030000000000012;6.255440609947982E-12
0.4040000000000012;6.374900607397649E-12
0.4050000000000012;6.493916515637466E-12
0.4060000000000012;6.6131544684822074E-12
0.4070000000000012;6.731948332117099E-12
0.4080000000000012;6.850964240356916E-12
0.4090000000000012;6.969536059386883E-12
0.4100000000000012;7.0883299230217744E-12
0.4110000000000012;7.206901742051741E-12
0.4120000000000012;7.325029471871858E-12
0.4130000000000012;7.4433792462969E-12
0.4140000000000012;7.561506976117016E-12
0.4150000000000012;7.679412661332208E-12
0.4160000000000012;7.7973183465474E-12
0.4170000000000012;7.915001987157666E-12
0.4180000000000012;8.032685627767933E-12
0.4190000000000012;8.149925179168349E-12
0.4200000000000012;8.267164730568766E-12
0.4210000000000012;8.384182237364257E-12
0.4220000000000012;8.501199744159749E-12
0.4230000000000012;8.617995206350315E-12
0.4240000000000012;8.734568623935957E-12
0.4250000000000012;8.851142041521598E-12
0.4260000000000012;8.967493414502314E-12
0.4270000000000012;9.083622742878106E-12
0.4280000000000012;9.199752071253897E-12
0.4290000000000012;9.315437310419838E-12
0.4300000000000012;9.43112254958578E-12
0.4310000000000012;9.546807788751721E-12
0.4320000000000012;9.662048938707812E-12
0.4330000000000012;9.777290088663904E-12
0.4340000000000012;9.892087149410145E-12
0.4350000000000012;1.0006884210156386E-11
0.4360000000000012;1.0121459226297702E-11
0.4370000000000012;1.0236034242439018E-11
0.4380000000000012;1.0350165169370484E-11
0.4390000000000012;1.0464074051697025E-11
0.4400000000000012;1.0577982934023566E-11
0.4410000000000012;1.0691669771745183E-11
0.4420000000000012;1.0805134564861874E-11
0.4430000000000012;1.091837731337364E-11
0.4440000000000012;1.1031175972675555E-11
0.44500000000000123;1.1144196676582396E-11
0.44600000000000123;1.1256773291279387E-11
0.44700000000000123;1.1369349905976378E-11
0.44800000000000123;1.1481260386858594E-11
0.44900000000000123;1.1593392912345735E-11
0.45000000000000123;1.1705081348623025E-11
0.45100000000000123;1.1816769784900316E-11
0.45200000000000123;1.1928014131967757E-11
0.45300000000000124;1.2039258479035198E-11
0.45400000000000124;1.2150058736892788E-11
0.45500000000000124;1.2260636950145454E-11
0.45600000000000124;1.237121516339812E-11
0.45700000000000124;1.2481349287440935E-11
0.45800000000000124;1.2591261366878825E-11
0.45900000000000124;1.2701173446316716E-11
0.46000000000000124;1.2810641436544756E-11
0.46100000000000124;1.2919887382167872E-11
0.46200000000000124;1.3028911283186062E-11
0.46300000000000124;1.3137491094994402E-11
0.46400000000000124;1.3246292951407668E-11
0.46500000000000125;1.3354428674006158E-11
0.46600000000000125;1.3462564396604648E-11
0.46700000000000125;1.3570256029993288E-11
0.46800000000000125;1.3677725618777004E-11
0.46900000000000125;1.3784973162955794E-11
0.47000000000000125;1.3891998662529659E-11
0.47100000000000125;1.3998802117498599E-11
0.47200000000000125;1.4105161483257689E-11
0.47300000000000125;1.4211298804411854E-11
0.47400000000000125;1.4317214080961094E-11
0.47500000000000125;1.4422907312905409E-11
0.47600000000000126;1.4528378500244798E-11
0.47700000000000126;1.4633405598374338E-11
0.47800000000000126;1.4738432696503878E-11
0.47900000000000126;1.4842793660818643E-11
0.48000000000000126;1.4947154625133408E-11
0.48100000000000126;1.5051071500238322E-11
0.48200000000000126;1.5154766330738312E-11
0.48300000000000126;1.525801707202845E-11
0.48400000000000126;1.536126781331859E-11
0.48500000000000126;1.546407446539888E-11
0.48600000000000126;1.5566659072874245E-11
0.48700000000000127;1.566879959113976E-11
0.48800000000000127;1.5770496020195424E-11
0.48900000000000127;1.5872414493856013E-11
0.49000000000000127;1.5973666833701827E-11
0.49100000000000127;1.6074697128942717E-11
0.49200000000000127;1.617550537957868E-11
0.49300000000000127;1.627564749639987E-11
0.49400000000000127;1.637578961322106E-11
0.4950000000000013;1.6475709685437323E-11
0.4960000000000013;1.6574963623838812E-11
0.4970000000000013;1.66742175622403E-11
0.4980000000000013;1.677302741143194E-11
0.4990000000000013;1.687139317141373E-11
0.5000000000000012;1.6969758931395518E-11
0.5010000000000012;1.706745855756253E-11
0.5020000000000012;1.716493613912462E-11
0.5030000000000012;1.726241372068671E-11
0.5040000000000012;1.7359003123829098E-11
0.5050000000000012;1.745537048236656E-11
0.5060000000000012;1.7551737840904025E-11
0.5070000000000012;1.7647439065626713E-11
0.5080000000000012;1.7743140290349402E-11
0.5090000000000012;1.7838175381257315E-11
0.5100000000000012;1.7932988427560304E-11
0.5110000000000012;1.8027579429258367E-11
0.5120000000000012;1.8121504297141655E-11
0.5130000000000012;1.8215207120420018E-11
0.5140000000000012;1.8308687899093457E-11
0.5150000000000012;1.8401724588557045E-11
0.5160000000000012;1.8494539233415708E-11
0.5170000000000012;1.8586687744459596E-11
0.5180000000000012;1.867861421089856E-11
0.5190000000000012;1.8770318632732597E-11
0.5200000000000012;1.8861578965356784E-11
0.5210000000000012;1.8952395208771122E-11
0.5220000000000012;1.9042989407580535E-11
0.5230000000000012;1.9133139517180098E-11
0.5240000000000012;1.9223067582174735E-11
0.5250000000000012;1.9312329513354598E-11
0.5260000000000012;1.940114735532461E-11
0.5270000000000012;1.9489965197294623E-11
0.5280000000000012;1.9578338950054786E-11
0.5290000000000012;1.9666268613605098E-11
0.5300000000000012;1.9753532143340635E-11
0.5310000000000012;1.9840795673076173E-11
0.5320000000000012;1.9927393068996935E-11
0.5330000000000013;2.0013546375707847E-11
0.5340000000000013;2.0099477637813834E-11
0.5350000000000013;2.018540889991982E-11
0.5360000000000013;2.0270229939001183E-11
0.5370000000000013;2.0355050978082545E-11
0.5380000000000013;2.0439427927954057E-11
0.5390000000000013;2.052336078861572E-11
0.5400000000000013;2.0607071604672456E-11
0.5410000000000013;2.0690338331519342E-11
0.5420000000000013;2.0772938924551454E-11
0.5430000000000013;2.085531747297864E-11
0.5440000000000013;2.0937251932195977E-11
0.5450000000000013;2.1018742302203464E-11
0.5460000000000013;2.10997885830011E-11
0.5470000000000013;2.1180390774588886E-11
0.5480000000000013;2.1260770921571748E-11
0.5490000000000013;2.1340484934739834E-11
0.5500000000000013;2.142019894790792E-11
0.5510000000000013;2.149924682726123E-11
0.5520000000000013;2.1577628572799767E-11
0.5530000000000013;2.1656010318338303E-11
0.5540000000000013;2.173350388545714E-11
0.5550000000000013;2.18112194971809E-11
0.5560000000000013;2.188804693048496E-11
0.5570000000000013;2.1964430274579172E-11
0.5580000000000013;2.2040369529463533E-11
0.5590000000000013;2.2115864695138043E-11
0.5600000000000013;2.219113781620763E-11
0.5610000000000013;2.2265966848067364E-11
0.5620000000000013;2.2340129746112325E-11
0.5630000000000013;2.2413848554947435E-11
0.5640000000000013;2.248734531917762E-11
0.5650000000000013;2.2559953904988106E-11
0.5660000000000013;2.263256249079859E-11
0.5670000000000013;2.2704726987399226E-11
0.5680000000000013;2.2776225350185086E-11
0.5690000000000013;2.284750166836602E-11
0.5700000000000013;2.2918333897337106E-11
0.5710000000000013;2.298827794788849E-11
0.5720000000000013;2.305799995383495E-11
0.5730000000000013;2.3127499915176486E-11
0.5740000000000013;2.3196333742703246E-11
0.5750000000000013;2.3264723481020155E-11
0.5760000000000013;2.3332669130127215E-11
0.5770000000000013;2.3400170690024424E-11
0.5780000000000013;2.3467228160711784E-11
0.5790000000000013;2.3533841542189293E-11
0.5800000000000013;2.3600010834456953E-11
0.5810000000000013;2.3665513992909837E-11
0.5820000000000013;2.3730795106757796E-11
0.5830000000000013;2.379541008679098E-11
0.5840000000000013;2.385935893300939E-11
0.5850000000000013;2.3923307779227798E-11
0.5860000000000013;2.3986368447026507E-11
0.5870000000000013;2.404920707022029E-11
0.5880000000000013;2.4111601604204225E-11
0.5890000000000013;2.4173330004373383E-11
0.5900000000000013;2.4234614315332692E-11
0.5910000000000013;2.429545453708215E-11
0.5920000000000013;2.435585066962176E-11
0.5930000000000013;2.4415802712951518E-11
0.5940000000000013;2.44750886224665E-11
0.5950000000000013;2.453415248737656E-11
0.5960000000000013;2.4592550218471843E-11
0.5970000000000013;2.4650503860357276E-11
0.5980000000000013;2.4707791368427934E-11
0.5990000000000013;2.4764634787288742E-11
0.6000000000000013;2.48210341169397E-11
0.6010000000000013;2.4876989357380808E-11
0.6020000000000013;2.4932500508612065E-11
0.6030000000000013;2.4987345526028548E-11
0.6040000000000013;2.5041968498840106E-11
0.6050000000000013;2.509592533783689E-11
0.6060000000000013;2.5149216043018896E-11
0.6070000000000013;2.520228470359598E-11
0.6080000000000013;2.525446518575336E-11
0.6090000000000013;2.5306423623305818E-11
0.6100000000000013;2.53577159270435E-11
0.6110000000000013;2.5408786186176258E-11
0.6120000000000013;2.545919031149424E-11
0.6130000000000013;2.5508928302997447E-11
0.6140000000000013;2.555844424989573E-11
0.6150000000000013;2.5607294062979236E-11
0.6160000000000013;2.5655477742247967E-11
0.6170000000000013;2.5703439376911774E-11
0.6180000000000013;2.575051283315588E-11
0.6190000000000013;2.5797364244795062E-11
0.6200000000000013;2.584354952261947E-11
0.6210000000000013;2.5889290711234025E-11
0.6220000000000013;2.5934365766033807E-11
0.6230000000000013;2.5979218776228663E-11
0.6240000000000013;2.6023405652608744E-11
0.6250000000000013;2.606692639517405E-11
0.6260000000000013;2.6110003048529506E-11
0.6270000000000013;2.6152635612675112E-11
0.6280000000000013;2.6194602043005943E-11
0.6290000000000013;2.623634642873185E-11
0.6300000000000013;2.6277202636038055E-11
0.6310000000000013;2.631761475413441E-11
0.6320000000000013;2.6357582783020916E-11
0.6330000000000013;2.6396884678092647E-11
0.6340000000000013;2.6435964528559452E-11
0.6350000000000013;2.6474156200606558E-11
0.6360000000000013;2.6511903783443813E-11
0.6370000000000013;2.6548985232466293E-11
0.6380000000000013;2.6586066681488774E-11
0.6390000000000013;2.662203790748663E-11
0.6400000000000013;2.6657565044274634E-11
0.6410000000000013;2.6692870136457714E-11
0.6420000000000013;2.6727287050221094E-11
0.6430000000000013;2.6761259874774623E-11
0.6440000000000013;2.6794788610118303E-11
0.6450000000000014;2.6827651211647208E-11
0.6460000000000014;2.6860069723966262E-11
0.6470000000000014;2.6892044147075467E-11
0.6480000000000014;2.692313039176497E-11
0.6490000000000014;2.6953772547244625E-11
0.6500000000000014;2.698397061351443E-11
0.6510000000000014;2.7013724590574384E-11
0.6520000000000014;2.7042590389214638E-11
0.6530000000000014;2.7071234143249967E-11
0.6540000000000014;2.7098989718865596E-11
0.6550000000000014;2.7126745294481225E-11
0.6560000000000014;2.715339064707223E-11
0.6570000000000014;2.7179591910453382E-11
0.6580000000000014;2.7205793173834536E-11
0.6590000000000014;2.723066216958614E-11
0.6600000000000014;2.7255309120732818E-11
0.6610000000000014;2.727928993806472E-11
0.6620000000000014;2.73030487107917E-11
0.6630000000000014;2.7325919305098978E-11
0.6640000000000014;2.7348345810196406E-11
0.6650000000000014;2.7370328226083984E-11
0.6660000000000014;2.7391422463551862E-11
0.6670000000000014;2.741207261180989E-11
0.6680000000000014;2.7432278670858068E-11
0.6690000000000014;2.745181859609147E-11
0.6700000000000014;2.7470914432115023E-11
0.6710000000000014;2.74893441343238E-11
0.6720000000000014;2.750732974732273E-11
0.6730000000000014;2.7524427181901956E-11
0.6740000000000014;2.7541302571876258E-11
0.6750000000000014;2.7557511828035786E-11
0.6760000000000014;2.7573276994985463E-11
0.6770000000000014;2.758815398351544E-11
0.6780000000000014;2.7602808927440492E-11
0.6790000000000014;2.761679773755077E-11
0.6800000000000014;2.7629898369241346E-11
0.6810000000000014;2.7642776956326998E-11
0.6820000000000014;2.7654989409597874E-11
0.6830000000000014;2.76667577736589E-11
0.6840000000000014;2.7677860003905153E-11
0.6850000000000014;2.768829610033663E-11
0.6860000000000014;2.7698288107558255E-11
0.6870000000000014;2.7707836025570032E-11
0.6880000000000014;2.7716495765162108E-11
0.6890000000000014;2.7724711415544334E-11
0.6900000000000014;2.773248297671671E-11
0.6910000000000014;2.773958840407431E-11
0.6920000000000014;2.7746027697617137E-11
0.6930000000000014;2.7752022901950113E-11
0.6940000000000014;2.7757351972468314E-11
0.6950000000000014;2.776201490917174E-11
0.6960000000000014;2.776645580127024E-11
0.6970000000000014;2.777000851494904E-11
0.6980000000000014;2.777311713941799E-11
0.6990000000000014;2.7775559630072166E-11
0.7000000000000014;2.7777335986911567E-11
0.7010000000000014;2.7778668254541117E-11
0.7020000000000014;2.7779556432960817E-11
0.7030000000000014;2.7779778477565742E-11
0.7040000000000014;2.7779334388355892E-11
0.7050000000000014;2.7778224165331267E-11
0.7060000000000014;2.7776891897701717E-11
0.7070000000000014;2.777489349625739E-11
0.7080000000000014;2.7772006916393366E-11
0.7090000000000014;2.776867624731949E-11
0.7100000000000014;2.7764901489035765E-11
0.7110000000000014;2.776023855233234E-11
0.7120000000000014;2.7755575615628914E-11
0.7130000000000014;2.7749802455900863E-11
0.7140000000000014;2.7743585206962962E-11
0.7150000000000014;2.773692386881521E-11
0.7160000000000014;2.7729596396852685E-11
0.7170000000000014;2.7721602791075384E-11
0.7180000000000014;2.7713165096088233E-11
0.7190000000000014;2.7704061267286306E-11
0.7200000000000014;2.769451334927453E-11
0.7210000000000014;2.768429929744798E-11
0.7220000000000014;2.7673419111806652E-11
0.7230000000000014;2.76623168815604E-11
0.7240000000000014;2.7650104428289524E-11
0.7250000000000014;2.7637669930413722E-11
0.7260000000000014;2.7624569298723145E-11
0.7270000000000014;2.7610802533217793E-11
0.7280000000000014;2.759659167850259E-11
0.7290000000000014;2.7581714689972614E-11
0.7300000000000014;2.7566393612232787E-11
0.7310000000000014;2.755018435607326E-11
0.7320000000000014;2.7533753055308807E-11
0.7330000000000014;2.751665562072958E-11
0.7340000000000014;2.7498892052335577E-11
0.7350000000000014;2.74804623501268E-11
0.7360000000000014;2.7461588558708172E-11
0.7370000000000014;2.7442270678079694E-11
0.7380000000000014;2.742228666363644E-11
0.7390000000000014;2.7401636515378414E-11
0.7400000000000014;2.738032023330561E-11
0.7410000000000014;2.7358559862022958E-11
0.7420000000000014;2.7336355401530454E-11
0.7430000000000014;2.731326276261825E-11
0.7440000000000014;2.7289726034496198E-11
0.7450000000000014;2.726596726176922E-11
0.7460000000000014;2.7241098266017616E-11
0.7470000000000014;2.7216007225661087E-11
0.7480000000000014;2.7190250051489784E-11
0.7490000000000014;2.7163826743503705E-11
0.7500000000000014;2.7136959346307776E-11
0.7510000000000014;2.7109425815297072E-11
0.7520000000000014;2.708144819507652E-11
0.7530000000000014;2.7052582396436264E-11
0.7540000000000014;2.7023494553191085E-11
0.7550000000000014;2.6993518531526206E-11
0.7560000000000014;2.6963098420651477E-11
0.7570000000000014;2.6932234220566897E-11
0.7580000000000015;2.6900925931272468E-11
0.7590000000000015;2.6868951508163263E-11
0.7600000000000015;2.6835866862029434E-11
0.7610000000000015;2.680300426050053E-11
0.7620000000000015;2.6769253480551924E-11
0.7630000000000015;2.673505861139347E-11
0.7640000000000015;2.669975351921039E-11
0.7650000000000015;2.666444842702731E-11
0.7660000000000015;2.6628477201029455E-11
0.7670000000000015;2.6591839841216824E-11
0.7680000000000015;2.6554758392194344E-11
0.7690000000000015;2.6516788764752164E-11
0.7700000000000015;2.6478375048100133E-11
0.7710000000000015;2.6439739286843178E-11
0.7720000000000015;2.6400215347166522E-11
0.7730000000000015;2.6360247318280017E-11
0.7740000000000015;2.631983520018366E-11
0.7750000000000015;2.627875694827253E-11
0.7760000000000015;2.6237012562546624E-11
0.7770000000000015;2.619482408761087E-11
0.7780000000000015;2.6151969478860337E-11
0.7790000000000015;2.610889282550488E-11
0.7800000000000015;2.60647059491248E-11
0.7810000000000015;2.6020297028139794E-11
0.7820000000000015;2.5975221973340012E-11
0.7830000000000015;2.5929924873935306E-11
0.7840000000000015;2.58837395961109E-11
0.7850000000000015;2.5837110229076643E-11
0.7860000000000015;2.578981472822761E-11
0.7870000000000015;2.5742297182773655E-11
0.7880000000000015;2.5693891458899998E-11
0.7890000000000015;2.5644819601211566E-11
0.7900000000000015;2.5595747743523134E-11
0.7910000000000015;2.5545565662810077E-11
0.7920000000000015;2.5495161537492095E-11
0.7930000000000015;2.5444313322964263E-11
0.7940000000000015;2.5392354885411805E-11
0.7950000000000015;2.5340396447859348E-11
0.7960000000000015;2.5287771876492116E-11
0.7970000000000015;2.5234481171310108E-11
0.7980000000000015;2.518074637691825E-11
0.7990000000000015;2.5126567493316543E-11
0.8000000000000015;2.507172247590006E-11
0.8010000000000015;2.5016211324668802E-11
0.8020000000000015;2.496047812883262E-11
0.8030000000000015;2.490407879918166E-11
0.8040000000000015;2.4847235380320853E-11
0.8050000000000015;2.4789503783040345E-11
0.8060000000000015;2.4731328096549987E-11
0.8070000000000015;2.4672930365454704E-11
0.8080000000000015;2.4613866500544646E-11
0.8090000000000015;2.4554358546424737E-11
0.8100000000000015;2.4494184458490054E-11
0.8110000000000015;2.443356628134552E-11
0.8120000000000015;2.4372059925781286E-11
0.8130000000000015;2.4310553570217053E-11
0.8140000000000015;2.4248381080838044E-11
0.8150000000000015;2.418554245764426E-11
0.8160000000000015;2.4122259745240626E-11
0.8170000000000015;2.4058532943627142E-11
0.8180000000000015;2.3994140008198883E-11
0.8190000000000015;2.3929302983560774E-11
0.8200000000000015;2.3864021869712815E-11
0.8210000000000015;2.3798296666655006E-11
0.8220000000000015;2.373190532978242E-11
0.8230000000000015;2.3664847859095062E-11
0.8240000000000015;2.3597568343802777E-11
0.8250000000000015;2.3529622694695718E-11
0.8260000000000015;2.3461010911773883E-11
0.8270000000000015;2.3392177084247123E-11
0.8280000000000015;2.3322899167510514E-11
0.8290000000000015;2.325295511695913E-11
0.8300000000000015;2.3182566977197894E-11
0.8310000000000015;2.311173474822681E-11
0.8320000000000015;2.304023638544095E-11
0.8330000000000015;2.296829393344524E-11
0.8340000000000015;2.2895907392239678E-11
0.8350000000000015;2.2823076761824268E-11
0.8360000000000015;2.2749579997594083E-11
0.8370000000000015;2.2675861188758972E-11
0.8380000000000015;2.2601476246109087E-11
0.8390000000000015;2.2526425169644426E-11
0.8400000000000015;2.2451374093179766E-11
0.8410000000000015;2.2375434838295405E-11
0.8420000000000015;2.2299051494201194E-11
0.8430000000000015;2.2222224060897133E-11
0.8440000000000015;2.2144952538383222E-11
0.8450000000000015;2.206723692665946E-11
0.8460000000000015;2.198907722572585E-11
0.8470000000000015;2.191047343558239E-11
0.8480000000000015;2.1831203511624153E-11
0.8490000000000015;2.1751489498456067E-11
0.8500000000000015;2.167133139607813E-11
0.8510000000000015;2.1590729204490344E-11
0.8520000000000015;2.1509904968297633E-11
0.8530000000000015;2.142819255368522E-11
0.8540000000000015;2.134648013907281E-11
0.8550000000000015;2.1263879546040698E-11
0.8560000000000015;2.118105690840366E-11
0.8570000000000015;2.1097790181556775E-11
0.8580000000000015;2.1014079365500038E-11
0.8590000000000015;2.09294803710236E-11
0.8600000000000015;2.084510342115209E-11
0.8610000000000015;2.0759838292860877E-11
0.8620000000000015;2.067435111996474E-11
0.8630000000000015;2.0588419857858753E-11
0.8640000000000015;2.050182246193799E-11
0.8650000000000015;2.0415003021412303E-11
0.8660000000000015;2.032751744707184E-11
0.8670000000000015;2.023958778352153E-11
0.8680000000000015;2.015143607536629E-11
0.8690000000000015;2.0062840278001204E-11
0.8700000000000015;1.9973800391426266E-11
0.8710000000000016;1.988431641564148E-11
0.8720000000000016;1.9794166306041916E-11
0.8730000000000016;1.9703794151837428E-11
0.8740000000000016;1.961342199763294E-11
0.8750000000000016;1.9521939620403828E-11
0.8760000000000016;1.943023519856979E-11
0.8770000000000016;1.9338308732130827E-11
0.8780000000000016;1.9245938176482014E-11
0.8790000000000016;1.9152901487018426E-11
0.8800000000000016;1.9059642752949912E-11
0.8810000000000016;1.8966161974276474E-11
0.8820000000000016;1.887201506178826E-11
0.8830000000000016;1.8777424060090198E-11
0.8840000000000016;1.868261101378721E-11
0.8850000000000016;1.8587131833669446E-11
0.8860000000000016;1.8491430608946757E-11
0.8870000000000016;1.839528529501422E-11
0.8880000000000016;1.8298917936476755E-11
0.8890000000000016;1.820210648872944E-11
0.8900000000000016;1.8104850951772278E-11
0.8910000000000016;1.8007151325605264E-11
0.8920000000000016;1.79090076102284E-11
0.8930000000000016;1.781064185024661E-11
0.8940000000000016;1.7712054045659897E-11
0.8950000000000016;1.7613022151863333E-11
0.8960000000000016;1.7513324124251994E-11
0.8970000000000016;1.741340405203573E-11
0.8980000000000016;1.7313039890609616E-11
0.8990000000000016;1.7212453684578577E-11
0.9000000000000016;1.7111645433942613E-11
0.9010000000000016;1.7010171049491873E-11
0.9020000000000016;1.690847462043621E-11
0.9030000000000016;1.6806334102170695E-11
0.9040000000000016;1.6703971539300255E-11
0.9050000000000016;1.660138693182489E-11
0.9060000000000016;1.6498358235139676E-11
0.9070000000000016;1.6394663404639687E-11
0.9080000000000016;1.6290968574139697E-11
0.9090000000000016;1.6186829654429857E-11
0.9100000000000016;1.6082246645510168E-11
0.9110000000000016;1.5977441591985553E-11
0.9120000000000016;1.5872414493856013E-11
0.9130000000000016;1.5767165351121548E-11
0.9140000000000016;1.5661250074572308E-11
0.9150000000000016;1.5555112753418143E-11
0.9160000000000016;1.5448753387659053E-11
0.9170000000000016;1.5341949932690113E-11
0.9180000000000016;1.5234924433116248E-11
0.9190000000000016;1.5127454844332533E-11
0.9200000000000016;1.5019763210943893E-11
0.9210000000000016;1.4911849532950328E-11
0.9220000000000016;1.4803491765746912E-11
0.9230000000000016;1.4695133998543497E-11
0.9240000000000016;1.4586110097525307E-11
0.9250000000000016;1.4477086196507116E-11
0.9260000000000016;1.436739616167415E-11
0.9270000000000016;1.4257706126841185E-11
0.9280000000000016;1.414757200279837E-11
0.9290000000000016;1.4037437878755554E-11
0.9300000000000016;1.3926859665502889E-11
0.9310000000000016;1.3815837363040373E-11
0.9320000000000016;1.3704593015972932E-11
0.9330000000000016;1.3593348668905492E-11
0.9340000000000016;1.3481660232628201E-11
0.9350000000000016;1.336952770714106E-11
0.9360000000000016;1.325739518165392E-11
0.9370000000000016;1.3145262656166778E-11
0.9380000000000016;1.3032241952259938E-11
0.9390000000000016;1.2919443292958022E-11
0.9400000000000016;1.2806200544446256E-11
0.9410000000000016;1.2692735751329565E-11
0.9420000000000016;1.2579048913607949E-11
0.9430000000000016;1.2465140031281408E-11
0.9440000000000016;1.2350787059745016E-11
0.9450000000000016;1.2236434088208625E-11
0.9460000000000016;1.2121859072067309E-11
0.9470000000000016;1.2007062011321068E-11
0.9480000000000016;1.1892042905969902E-11
0.9490000000000016;1.1776579711408885E-11
0.9500000000000016;1.166111651684787E-11
0.9510000000000016;1.1545431277681928E-11
0.9520000000000016;1.1429523993911062E-11
0.9530000000000016;1.1313172620930345E-11
0.9540000000000016;1.1197043292554554E-11
0.9550000000000016;1.1080469874968912E-11
0.9560000000000016;1.0963674412778346E-11
0.9570000000000016;1.0847100995192704E-11
0.9580000000000016;1.0729861443792288E-11
0.9590000000000016;1.0612621892391871E-11
0.9600000000000016;1.049516029638653E-11
0.9610000000000016;1.0377698700381188E-11
0.9620000000000016;1.0259793015165997E-11
0.9630000000000016;1.0141887329950805E-11
0.9640000000000016;1.0023537555525763E-11
0.9650000000000016;9.905409825705647E-12
0.9660000000000016;9.787060051280605E-12
0.9670000000000016;9.668266187645713E-12
0.9680000000000016;9.549694368615746E-12
0.9690000000000016;9.43067846037593E-12
0.9700000000000016;9.311662552136113E-12
0.9710000000000016;9.192646643896296E-12
0.9720000000000016;9.07318664644663E-12
0.9730000000000016;8.953726648996962E-12
0.9740000000000016;8.834266651547296E-12
0.9750000000000016;8.714584609492704E-12
0.9760000000000016;8.594902567438112E-12
0.9770000000000016;8.474998480778595E-12
0.9780000000000016;8.354872349514153E-12
0.9790000000000016;8.234746218249711E-12
0.9800000000000016;8.114620086985269E-12
0.9810000000000016;7.994271911115902E-12
0.9820000000000016;7.873923735246535E-12
0.9830000000000017;7.753575559377168E-12
0.9840000000000017;7.632783294297951E-12
0.9850000000000017;7.51221307382366E-12
0.9860000000000017;7.391420808744442E-12
0.9870000000000017;7.270628543665225E-12
0.9880000000000017;7.149614233981083E-12
0.9890000000000017;7.028821968901866E-12
0.9900000000000017;6.908029703822649E-12
0.9910000000000017;6.786793349533582E-12
0.9920000000000017;6.66577903984944E-12
0.9930000000000017;6.544542685560373E-12
0.9940000000000017;6.423528375876231E-12
0.9950000000000017;6.3020699769822386E-12
0.9960000000000017;6.1810556672980965E-12
0.9970000000000017;6.059597268404104E-12
0.9980000000000017;5.938360914115037E-12
0.9990000000000017;5.816902515221045E-12
