-1;-0.8414709848078965
-0.999;-0.8409302618566215
-0.998;-0.8403886979751545
-0.997;-0.8398462937050597
-0.996;-0.8393030495887411
-0.995;-0.8387589661694429
-0.994;-0.8382140439912485
-0.993;-0.8376682835990799
-0.992;-0.8371216855386975
-0.991;-0.8365742503566993
-0.99;-0.8360259786005205
-0.989;-0.8354768708184328
-0.988;-0.8349269275595438
-0.987;-0.8343761493737969
-0.986;-0.8338245368119701
-0.985;-0.8332720904256761
-0.984;-0.832718810767361
-0.983;-0.8321646983903045
-0.982;-0.831609753848619
-0.981;-0.831053977697249
-0.98;-0.8304973704919705
-0.979;-0.8299399327893907
-0.978;-0.8293816651469472
-0.977;-0.8288225681229079
-0.976;-0.8282626422763694
-0.975;-0.8277018881672576
-0.974;-0.8271403063563267
-0.973;-0.8265778974051583
-0.972;-0.8260146618761615
-0.971;-0.8254506003325716
-0.97;-0.8248857133384501
-0.969;-0.824320001458684
-0.968;-0.8237534652589851
-0.967;-0.8231861053058896
-0.966;-0.8226179221667576
-0.965;-0.8220489164097717
-0.964;-0.821479088603938
-0.963;-0.8209084393190843
-0.962;-0.8203369691258595
-0.961;-0.819764678595734
-0.96;-0.8191915683009983
-0.959;-0.8186176388147625
-0.958;-0.818042890710956
-0.957;-0.817467324564327
-0.956;-0.8168909409504417
-0.955;-0.8163137404456834
-0.954;-0.8157357236272527
-0.953;-0.8151568910731664
-0.952;-0.8145772433622569
-0.951;-0.813996781074172
-0.95;-0.8134155047893737
-0.949;-0.8128334150891385
-0.948;-0.8122505125555559
-0.947;-0.8116667977715285
-0.946;-0.8110822713207709
-0.945;-0.8104969337878096
-0.944;-0.8099107857579821
-0.943;-0.8093238278174363
-0.942;-0.8087360605531302
-0.941;-0.8081474845528308
-0.94;-0.8075581004051142
-0.939;-0.8069679086993646
-0.938;-0.8063769100257735
-0.9369999999999999;-0.8057851049753396
-0.9359999999999999;-0.8051924941398678
-0.9349999999999999;-0.8045990781119691
-0.9339999999999999;-0.8040048574850591
-0.9329999999999999;-0.8034098328533588
-0.9319999999999999;-0.8028140048118926
-0.9309999999999999;-0.8022173739564884
-0.9299999999999999;-0.8016199408837771
-0.9289999999999999;-0.8010217061911917
-0.9279999999999999;-0.800422670476967
-0.9269999999999999;-0.7998228343401385
-0.9259999999999999;-0.7992221983805422
-0.9249999999999999;-0.7986207631988141
-0.9239999999999999;-0.7980185293963895
-0.9229999999999999;-0.7974154975755019
-0.9219999999999999;-0.7968116683391832
-0.9209999999999999;-0.7962070422912626
-0.9199999999999999;-0.795601620036366
-0.9189999999999999;-0.7949954021799157
-0.9179999999999999;-0.7943883893281294
-0.9169999999999999;-0.79378058208802
-0.9159999999999999;-0.7931719810673947
-0.9149999999999999;-0.7925625868748545
-0.9139999999999999;-0.7919524001197934
-0.9129999999999999;-0.7913414214123982
-0.9119999999999999;-0.7907296513636475
-0.9109999999999999;-0.7901170905853113
-0.9099999999999999;-0.7895037396899504
-0.9089999999999999;-0.7888895992909156
-0.9079999999999999;-0.7882746700023472
-0.9069999999999999;-0.7876589524391745
-0.9059999999999999;-0.787042447217115
-0.9049999999999999;-0.786425154952674
-0.9039999999999999;-0.7858070762631434
-0.9029999999999999;-0.7851882117666021
-0.9019999999999999;-0.7845685620819145
-0.9009999999999999;-0.7839481278287301
-0.8999999999999999;-0.7833269096274833
-0.8989999999999999;-0.7827049080993922
-0.8979999999999999;-0.7820821238664581
-0.8969999999999999;-0.7814585575514653
-0.8959999999999999;-0.7808342097779801
-0.8949999999999999;-0.7802090811703503
-0.8939999999999999;-0.7795831723537042
-0.8929999999999999;-0.7789564839539508
-0.8919999999999999;-0.7783290165977783
-0.8909999999999999;-0.7777007709126541
-0.8899999999999999;-0.7770717475268238
-0.8889999999999999;-0.7764419470693107
-0.8879999999999999;-0.7758113701699153
-0.8869999999999999;-0.7751800174592143
-0.8859999999999999;-0.7745478895685605
-0.8849999999999999;-0.7739149871300817
-0.8839999999999999;-0.7732813107766802
-0.8829999999999999;-0.7726468611420323
-0.8819999999999999;-0.7720116388605878
-0.8809999999999999;-0.7713756445675686
-0.8799999999999999;-0.7707388788989692
-0.8789999999999999;-0.7701013424915552
-0.8779999999999999;-0.7694630359828628
-0.8769999999999999;-0.7688239600111986
-0.8759999999999999;-0.7681841152156383
-0.8749999999999999;-0.767543502236027
-0.8739999999999999;-0.7669021217129773
-0.8729999999999999;-0.7662599742878698
-0.8719999999999999;-0.765617060602852
-0.8709999999999999;-0.7649733813008373
-0.8699999999999999;-0.764328937025505
-0.8689999999999999;-0.7636837284212994
-0.8679999999999999;-0.7630377561334291
-0.8669999999999999;-0.7623910208078661
-0.8659999999999999;-0.761743523091346
-0.8649999999999999;-0.7610952636313661
-0.8639999999999999;-0.7604462430761861
-0.8629999999999999;-0.7597964620748264
-0.8619999999999999;-0.759145921277068
-0.8609999999999999;-0.7584946213334515
-0.8599999999999999;-0.7578425628952769
-0.8589999999999999;-0.7571897466146025
-0.8579999999999999;-0.7565361731442447
-0.8569999999999999;-0.7558818431377767
-0.8559999999999999;-0.7552267572495286
-0.8549999999999999;-0.7545709161345862
-0.8539999999999999;-0.7539143204487905
-0.8529999999999999;-0.7532569708487372
-0.8519999999999999;-0.7525988679917758
-0.8509999999999999;-0.7519400125360092
-0.8499999999999999;-0.7512804051402926
-0.8489999999999999;-0.7506200464642335
-0.8479999999999999;-0.7499589371681905
-0.8469999999999999;-0.7492970779132729
-0.8459999999999999;-0.7486344693613398
-0.8449999999999999;-0.7479711121749997
-0.8439999999999999;-0.7473070070176098
-0.8429999999999999;-0.7466421545532751
-0.8419999999999999;-0.745976555446848
-0.8409999999999999;-0.7453102103639277
-0.8399999999999999;-0.7446431199708592
-0.8389999999999999;-0.7439752849347328
-0.8379999999999999;-0.7433067059233833
-0.8369999999999999;-0.74263738360539
-0.8359999999999999;-0.7419673186500748
-0.8349999999999999;-0.7412965117275029
-0.8339999999999999;-0.7406249635084811
-0.8329999999999999;-0.7399526746645574
-0.8319999999999999;-0.7392796458680208
-0.8309999999999998;-0.7386058777918998
-0.8299999999999998;-0.7379313711099627
-0.8289999999999998;-0.7372561264967158
-0.8279999999999998;-0.736580144627404
-0.8269999999999998;-0.7359034261780089
-0.8259999999999998;-0.735225971825249
-0.8249999999999998;-0.7345477822465785
-0.8239999999999998;-0.7338688581201869
-0.8229999999999998;-0.7331892001249984
-0.8219999999999998;-0.7325088089406708
-0.8209999999999998;-0.7318276852475954
-0.8199999999999998;-0.7311458297268958
-0.8189999999999998;-0.7304632430604273
-0.8179999999999998;-0.7297799259307767
-0.8169999999999998;-0.7290958790212608
-0.8159999999999998;-0.7284111030159268
-0.8149999999999998;-0.7277255985995504
-0.8139999999999998;-0.7270393664576361
-0.8129999999999998;-0.7263524072764159
-0.8119999999999998;-0.7256647217428489
-0.8109999999999998;-0.7249763105446208
-0.8099999999999998;-0.7242871743701423
-0.8089999999999998;-0.7235973139085501
-0.8079999999999998;-0.722906729849704
-0.8069999999999998;-0.7222154228841885
-0.8059999999999998;-0.7215233937033102
-0.8049999999999998;-0.7208306429990984
-0.8039999999999998;-0.7201371714643036
-0.8029999999999998;-0.7194429797923974
-0.8019999999999998;-0.7187480686775714
-0.8009999999999998;-0.7180524388147365
-0.7999999999999998;-0.7173560908995226
-0.7989999999999998;-0.7166590256282778
-0.7979999999999998;-0.7159612436980668
-0.7969999999999998;-0.7152627458066719
-0.7959999999999998;-0.7145635326525909
-0.7949999999999998;-0.7138636049350366
-0.7939999999999998;-0.713162963353937
-0.7929999999999998;-0.7124616086099335
-0.7919999999999998;-0.7117595414043806
-0.7909999999999998;-0.7110567624393458
-0.7899999999999998;-0.7103532724176077
-0.7889999999999998;-0.7096490720426564
-0.7879999999999998;-0.7089441620186921
-0.7869999999999998;-0.7082385430506251
-0.7859999999999998;-0.7075322158440739
-0.7849999999999998;-0.7068251811053657
-0.7839999999999998;-0.7061174395415355
-0.7829999999999998;-0.7054089918603246
-0.7819999999999998;-0.7046998387701805
-0.7809999999999998;-0.7039899809802564
-0.7799999999999998;-0.70327941920041
-0.7789999999999998;-0.702568154141203
-0.7779999999999998;-0.7018561865139005
-0.7769999999999998;-0.7011435170304698
-0.7759999999999998;-0.7004301464035806
-0.7749999999999998;-0.6997160753466034
-0.7739999999999998;-0.6990013045736091
-0.7729999999999998;-0.6982858347993685
-0.7719999999999998;-0.6975696667393513
-0.7709999999999998;-0.6968528011097255
-0.7699999999999998;-0.6961352386273566
-0.7689999999999998;-0.6954169800098071
-0.7679999999999998;-0.6946980259753356
-0.7669999999999998;-0.6939783772428959
-0.7659999999999998;-0.6932580345321369
-0.7649999999999998;-0.6925369985634011
-0.7639999999999998;-0.6918152700577245
-0.7629999999999998;-0.6910928497368354
-0.7619999999999998;-0.6903697383231542
-0.7609999999999998;-0.6896459365397922
-0.7599999999999998;-0.6889214451105512
-0.7589999999999998;-0.6881962647599225
-0.7579999999999998;-0.6874703962130863
-0.7569999999999998;-0.6867438401959112
-0.7559999999999998;-0.686016597434953
-0.7549999999999998;-0.6852886686574547
-0.7539999999999998;-0.6845600545913448
-0.7529999999999998;-0.6838307559652375
-0.7519999999999998;-0.683100773508431
-0.7509999999999998;-0.682370107950908
-0.7499999999999998;-0.681638760023334
-0.7489999999999998;-0.6809067304570567
-0.7479999999999998;-0.6801740199841056
-0.7469999999999998;-0.6794406293371914
-0.7459999999999998;-0.6787065592497044
-0.7449999999999998;-0.6779718104557146
-0.7439999999999998;-0.677236383689971
-0.7429999999999998;-0.6765002796879
-0.7419999999999998;-0.6757634991856057
-0.7409999999999998;-0.6750260429198687
-0.7399999999999998;-0.6742879116281449
-0.7389999999999998;-0.6735491060485657
-0.7379999999999998;-0.6728096269199365
-0.7369999999999998;-0.6720694749817365
-0.7359999999999998;-0.6713286509741175
-0.7349999999999998;-0.6705871556379036
-0.7339999999999998;-0.6698449897145898
-0.7329999999999998;-0.6691021539463422
-0.7319999999999998;-0.6683586490759963
-0.7309999999999998;-0.6676144758470571
-0.7299999999999998;-0.6668696350036977
-0.7289999999999998;-0.6661241272907589
-0.7279999999999998;-0.6653779534537482
-0.7269999999999998;-0.6646311142388396
-0.7259999999999998;-0.663883610392872
-0.7249999999999998;-0.6631354426633495
-0.7239999999999998;-0.6623866117984395
-0.7229999999999998;-0.6616371185469729
-0.7219999999999998;-0.660886963658443
-0.7209999999999998;-0.6601361478830043
-0.7199999999999998;-0.659384671971473
-0.7189999999999998;-0.6586325366753245
-0.7179999999999997;-0.6578797427466943
-0.7169999999999997;-0.657126290938376
-0.7159999999999997;-0.6563721820038217
-0.7149999999999997;-0.6556174166971401
-0.7139999999999997;-0.6548619957730963
-0.7129999999999997;-0.6541059199871114
-0.7119999999999997;-0.653349190095261
-0.7109999999999997;-0.652591806854275
-0.7099999999999997;-0.6518337710215365
-0.7089999999999997;-0.6510750833550812
-0.7079999999999997;-0.650315744613597
-0.7069999999999997;-0.6495557555564222
-0.7059999999999997;-0.6487951169435461
-0.7049999999999997;-0.648033829535607
-0.7039999999999997;-0.6472718940938924
-0.7029999999999997;-0.6465093113803377
-0.7019999999999997;-0.6457460821575255
-0.7009999999999997;-0.6449822071886848
-0.6999999999999997;-0.6442176872376909
-0.6989999999999997;-0.6434525230690633
-0.6979999999999997;-0.6426867154479663
-0.6969999999999997;-0.6419202651402074
-0.6959999999999997;-0.6411531729122368
-0.6949999999999997;-0.6403854395311467
-0.6939999999999997;-0.6396170657646705
-0.6929999999999997;-0.6388480523811818
-0.6919999999999997;-0.6380784001496941
-0.6909999999999997;-0.6373081098398593
-0.6899999999999997;-0.6365371822219678
-0.6889999999999997;-0.635765618066947
-0.6879999999999997;-0.6349934181463612
-0.6869999999999997;-0.6342205832324103
-0.6859999999999997;-0.6334471140979289
-0.6849999999999997;-0.6326730115163861
-0.6839999999999997;-0.6318982762618847
-0.6829999999999997;-0.6311229091091595
-0.6819999999999997;-0.6303469108335779
-0.6809999999999997;-0.629570282211138
-0.6799999999999997;-0.6287930240184683
-0.6789999999999997;-0.628015137032827
-0.6779999999999997;-0.6272366220321011
-0.6769999999999997;-0.6264574797948053
-0.6759999999999997;-0.625677711100082
-0.6749999999999997;-0.6248973167276997
-0.6739999999999997;-0.6241162974580526
-0.6729999999999997;-0.6233346540721603
-0.6719999999999997;-0.6225523873516657
-0.6709999999999997;-0.6217694980788357
-0.6699999999999997;-0.6209859870365595
-0.6689999999999997;-0.6202018550083479
-0.6679999999999997;-0.6194171027783331
-0.6669999999999997;-0.618631731131267
-0.6659999999999997;-0.6178457408525213
-0.6649999999999997;-0.6170591327280863
-0.6639999999999997;-0.6162719075445701
-0.6629999999999997;-0.6154840660891976
-0.6619999999999997;-0.6146956091498104
-0.6609999999999997;-0.6139065375148651
-0.6599999999999997;-0.6131168519734336
-0.6589999999999997;-0.6123265533152011
-0.6579999999999997;-0.6115356423304664
-0.6569999999999997;-0.6107441198101403
-0.6559999999999997;-0.6099519865457452
-0.6549999999999997;-0.6091592433294145
-0.6539999999999997;-0.6083658909538913
-0.6529999999999997;-0.6075719302125276
-0.6519999999999997;-0.6067773618992846
-0.6509999999999997;-0.6059821868087301
-0.6499999999999997;-0.6051864057360393
-0.6489999999999997;-0.6043900194769932
-0.6479999999999997;-0.603593028827978
-0.6469999999999997;-0.6027954345859843
-0.6459999999999997;-0.6019972375486062
-0.6449999999999997;-0.6011984385140408
-0.6439999999999997;-0.6003990382810869
-0.6429999999999997;-0.5995990376491448
-0.6419999999999997;-0.598798437418215
-0.6409999999999997;-0.5979972383888976
-0.6399999999999997;-0.5971954413623918
-0.6389999999999997;-0.5963930471404943
-0.6379999999999997;-0.5955900565255994
-0.6369999999999997;-0.5947864703206976
-0.6359999999999997;-0.593982289329375
-0.6349999999999997;-0.5931775143558127
-0.6339999999999997;-0.5923721462047853
-0.6329999999999997;-0.5915661856816612
-0.6319999999999997;-0.5907596335924006
-0.6309999999999997;-0.5899524907435557
-0.6299999999999997;-0.5891447579422693
-0.6289999999999997;-0.5883364359962739
-0.6279999999999997;-0.5875275257138917
-0.6269999999999997;-0.5867180279040326
-0.6259999999999997;-0.5859079433761945
-0.6249999999999997;-0.5850972729404619
-0.6239999999999997;-0.5842860174075051
-0.6229999999999997;-0.5834741775885796
-0.6219999999999997;-0.5826617542955251
-0.6209999999999997;-0.5818487483407648
-0.6199999999999997;-0.5810351605373048
-0.6189999999999997;-0.5802209916987326
-0.6179999999999997;-0.579406242639217
-0.6169999999999997;-0.5785909141735072
-0.6159999999999997;-0.5777750071169313
-0.6149999999999997;-0.5769585222853965
-0.6139999999999997;-0.5761414604953875
-0.6129999999999997;-0.575323822563966
-0.6119999999999997;-0.5745056093087698
-0.6109999999999997;-0.5736868215480123
-0.6099999999999997;-0.572867460100481
-0.6089999999999997;-0.5720475257855373
-0.6079999999999997;-0.5712270194231155
-0.6069999999999997;-0.570405941833722
-0.6059999999999997;-0.569584293838434
-0.6049999999999996;-0.5687620762588997
-0.6039999999999996;-0.5679392899173367
-0.6029999999999996;-0.5671159356365308
-0.6019999999999996;-0.5662920142398368
-0.6009999999999996;-0.5654675265511756
-0.5999999999999996;-0.564642473395035
-0.5989999999999996;-0.5638168555964681
-0.5979999999999996;-0.5629906739810926
-0.5969999999999996;-0.56216392937509
-0.5959999999999996;-0.5613366226052049
-0.5949999999999996;-0.5605087544987439
-0.5939999999999996;-0.5596803258835752
-0.5929999999999996;-0.5588513375881272
-0.5919999999999996;-0.5580217904413882
-0.5909999999999996;-0.5571916852729053
-0.5899999999999996;-0.5563610229127834
-0.5889999999999996;-0.5555298041916852
-0.5879999999999996;-0.554698029940829
-0.5869999999999996;-0.553865700991989
-0.5859999999999996;-0.5530328181774942
-0.5849999999999996;-0.5521993823302273
-0.5839999999999996;-0.5513653942836241
-0.5829999999999996;-0.5505308548716726
-0.5819999999999996;-0.549695764928912
-0.5809999999999996;-0.5488601252904324
-0.5799999999999996;-0.5480239367918732
-0.5789999999999996;-0.5471872002694229
-0.5779999999999996;-0.5463499165598179
-0.5769999999999996;-0.5455120865003419
-0.5759999999999996;-0.5446737109288249
-0.5749999999999996;-0.5438347906836423
-0.5739999999999996;-0.5429953266037143
-0.5729999999999996;-0.542155319528505
-0.5719999999999996;-0.5413147702980213
-0.5709999999999996;-0.5404736797528125
-0.5699999999999996;-0.5396320487339689
-0.5689999999999996;-0.5387898780831216
-0.5679999999999996;-0.5379471686424411
-0.5669999999999996;-0.5371039212546368
-0.5659999999999996;-0.5362601367629559
-0.5649999999999996;-0.535415816011183
-0.5639999999999996;-0.5345709598436388
-0.5629999999999996;-0.5337255691051791
-0.5619999999999996;-0.532879644641195
-0.5609999999999996;-0.5320331872976105
-0.5599999999999996;-0.5311861979208831
-0.5589999999999996;-0.530338677358002
-0.5579999999999996;-0.5294906264564878
-0.5569999999999996;-0.5286420460643912
-0.5559999999999996;-0.5277929370302926
-0.5549999999999996;-0.526943300203301
-0.5539999999999996;-0.5260931364330531
-0.5529999999999996;-0.5252424465697126
-0.5519999999999996;-0.5243912314639693
-0.5509999999999996;-0.5235394919670382
-0.5499999999999996;-0.5226872289306588
-0.5489999999999996;-0.521834443207094
-0.5479999999999996;-0.5209811356491295
-0.5469999999999996;-0.5201273071100728
-0.5459999999999996;-0.5192729584437523
-0.5449999999999996;-0.5184180905045166
-0.5439999999999996;-0.5175627041472337
-0.5429999999999996;-0.5167068002272897
-0.5419999999999996;-0.5158503796005885
-0.5409999999999996;-0.5149934431235508
-0.5399999999999996;-0.5141359916531127
-0.5389999999999996;-0.513278026046726
-0.5379999999999996;-0.5124195471623559
-0.5369999999999996;-0.5115605558584814
-0.5359999999999996;-0.5107010529940936
-0.5349999999999996;-0.5098410394286954
-0.5339999999999996;-0.5089805160223003
-0.5329999999999996;-0.5081194836354316
-0.5319999999999996;-0.5072579431291215
-0.5309999999999996;-0.5063958953649107
-0.5299999999999996;-0.5055333412048466
-0.5289999999999996;-0.5046702815114835
-0.5279999999999996;-0.5038067171478808
-0.5269999999999996;-0.5029426489776031
-0.5259999999999996;-0.5020780778647184
-0.5249999999999996;-0.5012130046737975
-0.5239999999999996;-0.5003474302699137
-0.5229999999999996;-0.4994813555186414
-0.5219999999999996;-0.4986147812860552
-0.5209999999999996;-0.49774770843872923
-0.5199999999999996;-0.49688013784373636
-0.5189999999999996;-0.496012070368647
-0.5179999999999996;-0.49514350688152864
-0.5169999999999996;-0.49427444825094463
-0.5159999999999996;-0.49340489534595355
-0.5149999999999996;-0.4925348490361083
-0.5139999999999996;-0.49166431019145496
-0.5129999999999996;-0.4907932796825325
-0.5119999999999996;-0.48992175838037116
-0.5109999999999996;-0.48904974715649235
-0.5099999999999996;-0.4881772468829071
-0.5089999999999996;-0.48730425843211567
-0.5079999999999996;-0.4864307826771064
-0.5069999999999996;-0.485556820491355
-0.5059999999999996;-0.4846823727488236
-0.5049999999999996;-0.4838074403239598
-0.5039999999999996;-0.48293202409169594
-0.5029999999999996;-0.4820561249274483
-0.5019999999999996;-0.4811797437071159
-0.5009999999999996;-0.48030288130707993
-0.49999999999999956;-0.4794255386042026
-0.49899999999999956;-0.47854771647582667
-0.49799999999999955;-0.4776694157997741
-0.49699999999999955;-0.4767906374543456
-0.49599999999999955;-0.4759113823183193
-0.49499999999999955;-0.47503165127095043
-0.49399999999999955;-0.4741514451919698
-0.49299999999999955;-0.4732707649615835
-0.49199999999999955;-0.4723896114604717
-0.49099999999999955;-0.4715079855697878
-0.48999999999999955;-0.47062588817115764
-0.48899999999999955;-0.4697433201466785
-0.48799999999999955;-0.46886028237891836
-0.48699999999999954;-0.46797677575091495
-0.48599999999999954;-0.46709280114617474
-0.48499999999999954;-0.46620835944867234
-0.48399999999999954;-0.4653234515428493
-0.48299999999999954;-0.46443807831361356
-0.48199999999999954;-0.46355224064633815
-0.48099999999999954;-0.46266593942686074
-0.47999999999999954;-0.46177917554148246
-0.47899999999999954;-0.46089194987696713
-0.47799999999999954;-0.46000426332054034
-0.47699999999999954;-0.45911611675988856
-0.47599999999999953;-0.45822751108315823
-0.47499999999999953;-0.45733844717895505
-0.47399999999999953;-0.4564489259363428
-0.47299999999999953;-0.45555894824484267
-0.47199999999999953;-0.4546685149944322
-0.47099999999999953;-0.4537776270755447
-0.46999999999999953;-0.4528862853790679
-0.46899999999999953;-0.4519944907963434
-0.4679999999999995;-0.45110224421916584
-0.4669999999999995;-0.4502095465397817
-0.4659999999999995;-0.44931639865088846
-0.4649999999999995;-0.448422801445634
-0.4639999999999995;-0.4475287558176155
-0.4629999999999995;-0.44663426266087847
-0.4619999999999995;-0.445739322869916
-0.4609999999999995;-0.4448439373396678
-0.4599999999999995;-0.44394810696551934
-0.4589999999999995;-0.4430518326433009
-0.4579999999999995;-0.44215511526928675
-0.4569999999999995;-0.44125795574019416
-0.4559999999999995;-0.4403603549531826
-0.4549999999999995;-0.4394623138058528
-0.4539999999999995;-0.4385638331962458
-0.4529999999999995;-0.4376649140228422
-0.4519999999999995;-0.436765557184561
-0.4509999999999995;-0.435865763580759
-0.4499999999999995;-0.4349655341112298
-0.4489999999999995;-0.43406486967620267
-0.4479999999999995;-0.4331637711763421
-0.4469999999999995;-0.4322622395127464
-0.4459999999999995;-0.43136027558694723
-0.4449999999999995;-0.43045788030090837
-0.4439999999999995;-0.42955505455702514
-0.4429999999999995;-0.42865179925812313
-0.4419999999999995;-0.4277481153074576
-0.4409999999999995;-0.4268440036087124
-0.4399999999999995;-0.42593946506599917
-0.4389999999999995;-0.42503450058385633
-0.4379999999999995;-0.4241291110672484
-0.4369999999999995;-0.42322329742156467
-0.4359999999999995;-0.4223170605526188
-0.4349999999999995;-0.4214104013666476
-0.4339999999999995;-0.4205033207703101
-0.4329999999999995;-0.41959581967068693
-0.4319999999999995;-0.418687898975279
-0.4309999999999995;-0.4177795595920071
-0.4299999999999995;-0.4168708024292103
-0.4289999999999995;-0.4159616283956459
-0.4279999999999995;-0.41505203840048766
-0.4269999999999995;-0.41414203335332567
-0.4259999999999995;-0.4132316141641649
-0.4249999999999995;-0.4123207817434243
-0.4239999999999995;-0.41140953700193633
-0.4229999999999995;-0.4104978808509457
-0.4219999999999995;-0.4095858142021084
-0.4209999999999995;-0.408673337967491
-0.4199999999999995;-0.4077604530595697
-0.4189999999999995;-0.40684716039122937
-0.4179999999999995;-0.4059334608757625
-0.4169999999999995;-0.40501935542686857
-0.4159999999999995;-0.404104844958653
-0.4149999999999995;-0.40318993038562617
-0.4139999999999995;-0.40227461262270253
-0.4129999999999995;-0.40135889258519974
-0.4119999999999995;-0.40044277118883786
-0.4109999999999995;-0.3995262493497382
-0.4099999999999995;-0.3986093279844224
-0.4089999999999995;-0.39769200800981186
-0.4079999999999995;-0.3967742903432265
-0.4069999999999995;-0.3958561759023838
-0.4059999999999995;-0.3949376656053982
-0.40499999999999947;-0.39401876037077993
-0.40399999999999947;-0.3930994611174341
-0.40299999999999947;-0.39217976876465993
-0.40199999999999947;-0.3912596842321497
-0.40099999999999947;-0.3903392084399878
-0.39999999999999947;-0.38941834230865
-0.39899999999999947;-0.38849708675900235
-0.39799999999999947;-0.3875754427123003
-0.39699999999999946;-0.38665341109018786
-0.39599999999999946;-0.3857309928146965
-0.39499999999999946;-0.3848081888082445
-0.39399999999999946;-0.3838849999936358
-0.39299999999999946;-0.3829614272940591
-0.39199999999999946;-0.38203747163308693
-0.39099999999999946;-0.381113133934675
-0.38999999999999946;-0.3801884151231609
-0.38899999999999946;-0.3792633161232634
-0.38799999999999946;-0.37833783786008135
-0.38699999999999946;-0.377411981259093
-0.38599999999999945;-0.3764857472461548
-0.38499999999999945;-0.3755591367475007
-0.38399999999999945;-0.3746321506897412
-0.38299999999999945;-0.37370478999986223
-0.38199999999999945;-0.3727770556052244
-0.38099999999999945;-0.371848948433562
-0.37999999999999945;-0.3709204694129822
-0.37899999999999945;-0.36999161947196385
-0.37799999999999945;-0.3690623995393569
-0.37699999999999945;-0.36813281054438113
-0.37599999999999945;-0.3672028534166255
-0.37499999999999944;-0.36627252908604707
-0.37399999999999944;-0.36534183848297
-0.37299999999999944;-0.364410782538085
-0.37199999999999944;-0.3634793621824478
-0.37099999999999944;-0.3625475783474787
-0.36999999999999944;-0.36161543196496143
-0.36899999999999944;-0.3606829239670424
-0.36799999999999944;-0.3597500552862294
-0.36699999999999944;-0.3588168268553911
-0.36599999999999944;-0.35788323960775587
-0.36499999999999944;-0.35694929447691087
-0.36399999999999944;-0.3560149923968011
-0.36299999999999943;-0.35508033430172864
-0.36199999999999943;-0.35414532112635144
-0.36099999999999943;-0.3532099538056826
-0.35999999999999943;-0.35227423327508944
-0.35899999999999943;-0.35133816047029237
-0.35799999999999943;-0.35040173632736404
-0.35699999999999943;-0.3494649617827286
-0.35599999999999943;-0.34852783777316054
-0.3549999999999994;-0.34759036523578374
-0.3539999999999994;-0.3466525451080707
-0.3529999999999994;-0.34571437832784135
-0.3519999999999994;-0.34477586583326253
-0.3509999999999994;-0.34383700856284666
-0.3499999999999994;-0.3428978074554508
-0.3489999999999994;-0.3419582634502761
-0.3479999999999994;-0.3410183774868664
-0.3469999999999994;-0.3400781505051077
-0.3459999999999994;-0.3391375834452268
-0.3449999999999994;-0.33819667724779073
-0.3439999999999994;-0.3372554328537056
-0.3429999999999994;-0.3363138512042157
-0.3419999999999994;-0.3353719332409026
-0.3409999999999994;-0.33442967990568423
-0.3399999999999994;-0.33348709214081385
-0.3389999999999994;-0.3325441708888791
-0.3379999999999994;-0.33160091709280115
-0.3369999999999994;-0.3306573316958338
-0.3359999999999994;-0.32971341564156226
-0.3349999999999994;-0.32876916987390253
-0.3339999999999994;-0.3278245953371004
-0.3329999999999994;-0.32687969297573016
-0.3319999999999994;-0.32593446373469426
-0.3309999999999994;-0.32498890855922175
-0.3299999999999994;-0.32404302839486776
-0.3289999999999994;-0.3230968241875124
-0.3279999999999994;-0.3221502968833598
-0.3269999999999994;-0.32120344742893714
-0.3259999999999994;-0.3202562767710938
-0.3249999999999994;-0.3193087858570004
-0.3239999999999994;-0.3183609756341477
-0.3229999999999994;-0.31741284705034595
-0.3219999999999994;-0.3164644010537236
-0.3209999999999994;-0.3155156385927265
-0.3199999999999994;-0.3145665606161172
-0.3189999999999994;-0.31361716807297346
-0.3179999999999994;-0.31266746191268774
-0.3169999999999994;-0.31171744308496624
-0.3159999999999994;-0.3107671125398276
-0.3149999999999994;-0.30981647122760225
-0.3139999999999994;-0.3088655200989316
-0.3129999999999994;-0.3079142601047665
-0.3119999999999994;-0.306962692196367
-0.3109999999999994;-0.3060108173253009
-0.3099999999999994;-0.30505863644344294
-0.3089999999999994;-0.30410615050297396
-0.3079999999999994;-0.3031533604563798
-0.3069999999999994;-0.3022002672564505
-0.3059999999999994;-0.3012468718562791
-0.3049999999999994;-0.3002931752092609
-0.3039999999999994;-0.2993391782690926
-0.3029999999999994;-0.2983848819897709
-0.3019999999999994;-0.2974302873255922
-0.3009999999999994;-0.29647539523115085
-0.2999999999999994;-0.295520206661339
-0.2989999999999994;-0.2945647225713451
-0.2979999999999994;-0.2936089439166532
-0.2969999999999994;-0.2926528716530418
-0.2959999999999994;-0.2916965067365832
-0.2949999999999994;-0.2907398501236422
-0.2939999999999994;-0.2897829027708752
-0.29299999999999937;-0.28882566563522966
-0.29199999999999937;-0.2878681396739425
-0.29099999999999937;-0.2869103258445397
-0.28999999999999937;-0.2859522251048349
-0.28899999999999937;-0.2849938384129289
-0.28799999999999937;-0.2840351667272082
-0.28699999999999937;-0.28307621100634445
-0.28599999999999937;-0.28211697220929327
-0.28499999999999936;-0.2811574512952934
-0.28399999999999936;-0.2801976492238657
-0.28299999999999936;-0.27923756695481206
-0.28199999999999936;-0.27827720544821477
-0.28099999999999936;-0.27731656566443524
-0.27999999999999936;-0.2763556485641131
-0.27899999999999936;-0.27539445510816546
-0.27799999999999936;-0.27443298625778567
-0.27699999999999936;-0.2734712429744425
-0.27599999999999936;-0.2725092262198791
-0.27499999999999936;-0.2715469369561122
-0.27399999999999936;-0.270584376145431
-0.27299999999999935;-0.26962154475039624
-0.27199999999999935;-0.2686584437338391
-0.27099999999999935;-0.26769507405886067
-0.26999999999999935;-0.2667314366888305
-0.26899999999999935;-0.26576753258738584
-0.26799999999999935;-0.26480336271843075
-0.26699999999999935;-0.263838928046135
-0.26599999999999935;-0.2628742295349332
-0.26499999999999935;-0.2619092681495238
-0.26399999999999935;-0.26094404485486805
-0.26299999999999935;-0.2599785606161892
-0.26199999999999934;-0.2590128163989714
-0.26099999999999934;-0.2580468131689588
-0.25999999999999934;-0.25708055189215445
-0.25899999999999934;-0.2561140335348197
-0.25799999999999934;-0.25514725906347274
-0.25699999999999934;-0.254180229444888
-0.25599999999999934;-0.253212945646095
-0.25499999999999934;-0.25224540863437744
-0.25399999999999934;-0.2512776193772722
-0.25299999999999934;-0.2503095788425686
-0.25199999999999934;-0.24934128799830704
-0.25099999999999933;-0.2483727478127782
-0.24999999999999933;-0.24740395925452227
-0.24899999999999933;-0.24643492329232772
-0.24799999999999933;-0.2454656408952304
-0.24699999999999933;-0.24449611303251262
-0.24599999999999933;-0.2435263406737022
-0.24499999999999933;-0.2425563247885714
-0.24399999999999933;-0.24158606634713603
-0.24299999999999933;-0.24061556631965442
-0.24199999999999933;-0.23964482567662657
-0.24099999999999933;-0.238673845388793
-0.23999999999999932;-0.23770262642713394
-0.23899999999999932;-0.23673116976286826
-0.23799999999999932;-0.23575947636745254
-0.23699999999999932;-0.23478754721258008
-0.23599999999999932;-0.23381538327018
-0.23499999999999932;-0.2328429855124161
-0.23399999999999932;-0.23187035491168614
-0.23299999999999932;-0.23089749244062058
-0.23199999999999932;-0.2299243990720818
-0.23099999999999932;-0.2289510757791631
-0.22999999999999932;-0.22797752353518774
-0.22899999999999932;-0.22700374331370782
-0.22799999999999931;-0.2260297360885035
-0.2269999999999993;-0.22505550283358192
-0.2259999999999993;-0.2240810445231763
-0.2249999999999993;-0.22310636213174478
-0.2239999999999993;-0.22213145663396974
-0.2229999999999993;-0.22115632900475657
-0.2219999999999993;-0.22018098021923285
-0.2209999999999993;-0.21920541125274723
-0.2199999999999993;-0.21822962308086866
-0.2189999999999993;-0.21725361667938517
-0.2179999999999993;-0.2162773930243031
-0.2169999999999993;-0.21530095309184602
-0.2159999999999993;-0.2143242978584538
-0.2149999999999993;-0.2133474283007816
-0.2139999999999993;-0.21237034539569888
-0.2129999999999993;-0.21139305012028844
-0.2119999999999993;-0.21041554345184552
-0.2109999999999993;-0.20943782636787664
-0.2099999999999993;-0.2084598998460989
-0.2089999999999993;-0.20748176486443864
-0.2079999999999993;-0.2065034224010308
-0.2069999999999993;-0.20552487343421783
-0.2059999999999993;-0.2045461189425485
-0.2049999999999993;-0.20356715990477728
-0.2039999999999993;-0.20258799729986313
-0.2029999999999993;-0.20160863210696855
-0.2019999999999993;-0.20062906530545868
-0.2009999999999993;-0.1996492978749002
-0.1999999999999993;-0.19866933079506052
-0.1989999999999993;-0.19768916504590658
-0.1979999999999993;-0.19670880160760407
-0.1969999999999993;-0.19572824146051634
-0.19599999999999929;-0.19474748558520347
-0.19499999999999929;-0.19376653496242122
-0.19399999999999928;-0.19278539057312016
-0.19299999999999928;-0.1918040533984446
-0.19199999999999928;-0.19082252441973166
-0.19099999999999928;-0.18984080461851016
-0.18999999999999928;-0.18885889497649988
-0.18899999999999928;-0.18787679647561034
-0.18799999999999928;-0.18689451009794
-0.18699999999999928;-0.18591203682577512
-0.18599999999999928;-0.18492937764158893
-0.18499999999999928;-0.1839465335280405
-0.18399999999999928;-0.18296350546797385
-0.18299999999999927;-0.18198029444441702
-0.18199999999999927;-0.1809969014405809
-0.18099999999999927;-0.1800133274398584
-0.17999999999999927;-0.17902957342582346
-0.17899999999999927;-0.17804564038223003
-0.17799999999999927;-0.17706152929301106
-0.17699999999999927;-0.17607724114227752
-0.17599999999999927;-0.17509277691431754
-0.17499999999999927;-0.17410813759359522
-0.17399999999999927;-0.17312332416474985
-0.17299999999999927;-0.1721383376125947
-0.17199999999999926;-0.1711531789221163
-0.17099999999999926;-0.17016784907847324
-0.16999999999999926;-0.16918234906699528
-0.16899999999999926;-0.16819667987318235
-0.16799999999999926;-0.16721084248270357
-0.16699999999999926;-0.16622483788139625
-0.16599999999999926;-0.16523866705526488
-0.16499999999999926;-0.16425233099048023
-0.16399999999999926;-0.1632658306733783
-0.16299999999999926;-0.16227916709045928
-0.16199999999999926;-0.16129234122838668
-0.16099999999999925;-0.1603053540739863
-0.15999999999999925;-0.15931820661424523
-0.15899999999999925;-0.1583308998363108
-0.15799999999999925;-0.15734343472748974
-0.15699999999999925;-0.15635581227524706
-0.15599999999999925;-0.15536803346720512
-0.15499999999999925;-0.1543800992911427
-0.15399999999999925;-0.1533920107349938
-0.15299999999999925;-0.15240376878684697
-0.15199999999999925;-0.15141537443494407
-0.15099999999999925;-0.15042682866767934
-0.14999999999999925;-0.14943813247359847
-0.14899999999999924;-0.1484492868413976
-0.14799999999999924;-0.14746029275992223
-0.14699999999999924;-0.14647115121816642
-0.14599999999999924;-0.14548186320527157
-0.14499999999999924;-0.14449242971052567
-0.14399999999999924;-0.14350285172336208
-0.14299999999999924;-0.1425131302333587
-0.14199999999999924;-0.141523266230237
-0.14099999999999924;-0.14053326070386085
-0.13999999999999924;-0.13954311464423572
-0.13899999999999924;-0.13855282904150756
-0.13799999999999923;-0.13756240488596191
-0.13699999999999923;-0.13657184316802284
-0.13599999999999923;-0.13558114487825199
-0.13499999999999923;-0.13459031100734756
-0.13399999999999923;-0.1335993425461433
-0.13299999999999923;-0.13260824048560768
-0.13199999999999923;-0.1316170058168426
-0.13099999999999923;-0.13062563953108267
-0.12999999999999923;-0.12963414261969408
-0.12899999999999923;-0.1286425160741737
-0.12799999999999923;-0.12765076088614796
-0.12699999999999922;-0.12665887804737197
-0.12599999999999922;-0.12566686854972847
-0.12499999999999922;-0.12467473338522692
-0.12399999999999922;-0.12368247354600236
-0.12299999999999922;-0.12269009002431457
-0.12199999999999922;-0.12169758381254697
-0.12099999999999922;-0.1207049559032057
-0.11999999999999922;-0.11971220728891858
-0.11899999999999922;-0.11871933896243415
-0.11799999999999922;-0.11772635191662066
-0.11699999999999922;-0.11673324714446506
-0.11599999999999921;-0.11574002563907204
-0.11499999999999921;-0.11474668839366303
-0.11399999999999921;-0.11375323640157518
-0.11299999999999921;-0.11275967065626043
-0.11199999999999921;-0.1117659921512844
-0.11099999999999921;-0.11077220188032554
-0.10999999999999921;-0.10977830083717402
-0.10899999999999921;-0.10878429001573083
-0.10799999999999921;-0.10779017041000667
-0.1069999999999992;-0.1067959430141211
-0.1059999999999992;-0.1058016088223014
-0.1049999999999992;-0.1048071688288817
-0.1039999999999992;-0.10381262402830191
-0.1029999999999992;-0.10281797541510673
-0.1019999999999992;-0.10182322398394472
-0.1009999999999992;-0.1008283707295672
-0.0999999999999992;-0.09983341664682736
-0.0989999999999992;-0.09883836273067918
-0.0979999999999992;-0.09784320997617652
-0.0969999999999992;-0.09684795937847203
-0.0959999999999992;-0.09585261193281623
-0.0949999999999992;-0.0948571686345565
-0.0939999999999992;-0.09386163047913602
-0.0929999999999992;-0.0928659984620929
-0.0919999999999992;-0.09187027357905905
-0.09099999999999919;-0.09087445682575927
-0.08999999999999919;-0.08987854919801025
-0.08899999999999919;-0.0888825516917195
-0.08799999999999919;-0.08788646530288449
-0.08699999999999919;-0.08689029102759149
-0.08599999999999919;-0.0858940298620147
-0.08499999999999919;-0.08489768280241522
-0.08399999999999919;-0.08390125084514
-0.08299999999999919;-0.08290473498662093
-0.08199999999999918;-0.08190813622337377
-0.08099999999999918;-0.08091145555199723
-0.07999999999999918;-0.07991469396917188
-0.07899999999999918;-0.07891785247165921
-0.07799999999999918;-0.07792093205630064
-0.07699999999999918;-0.07692393372001652
-0.07599999999999918;-0.07592685845980508
-0.07499999999999918;-0.07492970727274152
-0.07399999999999918;-0.07393248115597693
-0.07299999999999918;-0.07293518110673734
-0.07199999999999918;-0.07193780812232271
-0.07099999999999917;-0.07094036320010598
-0.06999999999999917;-0.06994284733753194
-0.06899999999999917;-0.0689452615321164
-0.06799999999999917;-0.06794760678144507
-0.06699999999999917;-0.06694988408317262
-0.06599999999999917;-0.06595209443502166
-0.06499999999999917;-0.06495423883478177
-0.06399999999999917;-0.06395631828030846
-0.06299999999999917;-0.06295833376952219
-0.06199999999999917;-0.061960286300407404
-0.060999999999999166;-0.06096217687101148
-0.059999999999999165;-0.05996400647944376
-0.058999999999999164;-0.05896577612387457
-0.05799999999999916;-0.05796748680253416
-0.05699999999999916;-0.056969139513711776
-0.05599999999999916;-0.05597073525575463
-0.05499999999999916;-0.0549722750270669
-0.05399999999999916;-0.05397375982610871
-0.05299999999999916;-0.0529751906513952
-0.05199999999999916;-0.05197656850149545
-0.05099999999999916;-0.05097789437503153
-0.049999999999999156;-0.049979169270677484
-0.048999999999999155;-0.048980394187158334
-0.047999999999999154;-0.04798157012324908
-0.046999999999999154;-0.046982698077773694
-0.04599999999999915;-0.04598377904960415
-0.04499999999999915;-0.04498481403765939
-0.04399999999999915;-0.04398580404090434
-0.04299999999999915;-0.04298675005834891
-0.04199999999999915;-0.041987653089047006
-0.04099999999999915;-0.04098851413209552
-0.03999999999999915;-0.03998933418663331
-0.038999999999999146;-0.03899011425184024
-0.037999999999999146;-0.037990855326936177
-0.036999999999999145;-0.03699155841117995
-0.035999999999999144;-0.035992224503868395
-0.03499999999999914;-0.034992854604335336
-0.03399999999999914;-0.03399344971195059
-0.03299999999999914;-0.03299401082611896
-0.03199999999999914;-0.03199453894627926
-0.03099999999999914;-0.030995035071903272
-0.02999999999999914;-0.0299955002024948
-0.028999999999999138;-0.028995935337588624
-0.027999999999999137;-0.027996341476749526
-0.026999999999999136;-0.026996719619571286
-0.025999999999999135;-0.025997070765675676
-0.024999999999999134;-0.024997395914711465
-0.023999999999999133;-0.02399769606635342
-0.022999999999999132;-0.022997972220301314
-0.02199999999999913;-0.021998225376278904
-0.02099999999999913;-0.02099845653403295
-0.01999999999999913;-0.01999866669333221
-0.01899999999999913;-0.018998856853966444
-0.017999999999999128;-0.017999028015745405
-0.016999999999999127;-0.016999181178497854
-0.015999999999999126;-0.01599931734207054
-0.014999999999999125;-0.014999437506327217
-0.013999999999999124;-0.013999542671147636
-0.012999999999999123;-0.012999633836426553
-0.011999999999999122;-0.011999712002072716
-0.010999999999999122;-0.010999778168007877
-0.00999999999999912;-0.009999833334165785
-0.00899999999999912;-0.008999878500491195
-0.007999999999999119;-0.007999914666938852
-0.006999999999999119;-0.00699994283347251
-0.005999999999999119;-0.0059999640000639185
-0.004999999999999119;-0.004999979166691827
-0.003999999999999119;-0.003999989333340986
-0.002999999999999119;-0.002999995500001144
-0.001999999999999119;-0.001999998666666052
-0.0009999999999991188;-0.0009999998333324604
8.81239525796218E-16;8.81239525796218E-16
0.0010000000000008813;0.000999999833334223
0.0020000000000008813;0.0019999986666678145
0.0030000000000008813;0.0029999955000029064
0.004000000000000881;0.003999989333342748
0.005000000000000881;0.004999979166693589
0.006000000000000881;0.005999964000065681
0.007000000000000881;0.0069999428334742726
0.008000000000000881;0.007999914666940614
0.009000000000000882;0.008999878500492955
0.010000000000000883;0.009999833334167547
0.011000000000000884;0.01099977816800964
0.012000000000000885;0.011999712002074477
0.013000000000000886;0.012999633836428316
0.014000000000000887;0.013999542671149398
0.015000000000000888;0.014999437506328978
0.01600000000000089;0.015999317342072304
0.01700000000000089;0.016999181178499616
0.01800000000000089;0.017999028015747168
0.01900000000000089;0.018998856853968207
0.020000000000000892;0.019998666693333972
0.021000000000000893;0.02099845653403471
0.022000000000000894;0.021998225376280666
0.023000000000000895;0.022997972220303076
0.024000000000000896;0.023997696066355184
0.025000000000000897;0.024997395914713227
0.026000000000000897;0.025997070765677435
0.0270000000000009;0.026996719619573048
0.0280000000000009;0.02799634147675129
0.0290000000000009;0.028995935337590387
0.0300000000000009;0.029995500202496563
0.031000000000000902;0.030995035071905035
0.0320000000000009;0.03199453894628102
0.033000000000000904;0.032994010826120725
0.034000000000000904;0.033993449711952346
0.035000000000000905;0.0349928546043371
0.036000000000000906;0.03599222450387016
0.03700000000000091;0.036991558411181714
0.03800000000000091;0.03799085532693794
0.03900000000000091;0.038990114251842005
0.04000000000000091;0.03998933418663507
0.04100000000000091;0.040988514132097274
0.04200000000000091;0.04198765308904877
0.04300000000000091;0.042986750058350676
0.04400000000000091;0.0439858040409061
0.045000000000000914;0.04498481403766115
0.046000000000000915;0.04598377904960591
0.047000000000000916;0.046982698077775456
0.04800000000000092;0.04798157012325084
0.04900000000000092;0.048980394187160096
0.05000000000000092;0.04997916927067925
0.05100000000000092;0.05097789437503329
0.05200000000000092;0.05197656850149721
0.05300000000000092;0.05297519065139696
0.05400000000000092;0.053973759826110475
0.05500000000000092;0.054972275027068654
0.056000000000000924;0.055970735255756396
0.057000000000000925;0.05696913951371354
0.058000000000000926;0.05796748680253592
0.05900000000000093;0.05896577612387633
0.06000000000000093;0.059964006479445525
0.06100000000000093;0.06096217687101324
0.06200000000000093;0.061960286300409166
0.06300000000000093;0.06295833376952395
0.06400000000000093;0.06395631828031022
0.06500000000000093;0.06495423883478353
0.06600000000000093;0.06595209443502342
0.06700000000000093;0.06694988408317437
0.06800000000000093;0.06794760678144683
0.06900000000000094;0.06894526153211815
0.07000000000000094;0.0699428473375337
0.07100000000000094;0.07094036320010773
0.07200000000000094;0.07193780812232448
0.07300000000000094;0.07293518110673909
0.07400000000000094;0.07393248115597868
0.07500000000000094;0.07492970727274328
0.07600000000000094;0.07592685845980685
0.07700000000000094;0.07692393372001828
0.07800000000000094;0.0779209320563024
0.07900000000000094;0.07891785247166097
0.08000000000000095;0.07991469396917363
0.08100000000000095;0.08091145555199898
0.08200000000000095;0.08190813622337553
0.08300000000000095;0.08290473498662268
0.08400000000000095;0.08390125084514176
0.08500000000000095;0.08489768280241697
0.08600000000000095;0.08589402986201645
0.08700000000000095;0.08689029102759324
0.08800000000000095;0.08788646530288624
0.08900000000000095;0.08888255169172127
0.09000000000000095;0.089878549198012
0.09100000000000096;0.09087445682576102
0.09200000000000096;0.0918702735790608
0.09300000000000096;0.09286599846209466
0.09400000000000096;0.09386163047913779
0.09500000000000096;0.09485716863455824
0.09600000000000096;0.095852611932818
0.09700000000000096;0.09684795937847379
0.09800000000000096;0.09784320997617828
0.09900000000000096;0.09883836273068095
0.10000000000000096;0.09983341664682911
0.10100000000000096;0.10082837072956895
0.10200000000000096;0.10182322398394647
0.10300000000000097;0.1028179754151085
0.10400000000000097;0.10381262402830366
0.10500000000000097;0.10480716882888345
0.10600000000000097;0.10580160882230315
0.10700000000000097;0.10679594301412285
0.10800000000000097;0.10779017041000842
0.10900000000000097;0.10878429001573257
0.11000000000000097;0.10977830083717577
0.11100000000000097;0.11077220188032728
0.11200000000000097;0.11176599215128614
0.11300000000000097;0.11275967065626218
0.11400000000000098;0.11375323640157695
0.11500000000000098;0.11474668839366478
0.11600000000000098;0.11574002563907379
0.11700000000000098;0.11673324714446681
0.11800000000000098;0.11772635191662241
0.11900000000000098;0.1187193389624359
0.12000000000000098;0.11971220728892033
0.12100000000000098;0.12070495590320744
0.12200000000000098;0.12169758381254872
0.12300000000000098;0.12269009002431631
0.12400000000000098;0.1236824735460041
0.12500000000000097;0.12467473338522865
0.12600000000000097;0.12566686854973022
0.12700000000000097;0.1266588780473737
0.12800000000000097;0.12765076088614968
0.12900000000000097;0.12864251607417543
0.13000000000000098;0.12963414261969583
0.13100000000000098;0.1306256395310844
0.13200000000000098;0.13161700581684432
0.13300000000000098;0.1326082404856094
0.13400000000000098;0.13359934254614506
0.13500000000000098;0.13459031100734928
0.13600000000000098;0.1355811448782537
0.13700000000000098;0.1365718431680246
0.13800000000000098;0.13756240488596366
0.13900000000000098;0.1385528290415093
0.14000000000000098;0.13954311464423746
0.14100000000000099;0.1405332607038626
0.142000000000001;0.14152326623023875
0.143000000000001;0.14251313023336046
0.144000000000001;0.1435028517233638
0.145000000000001;0.1444924297105274
0.146000000000001;0.14548186320527332
0.147000000000001;0.14647115121816814
0.148000000000001;0.14746029275992398
0.149000000000001;0.14844928684139932
0.150000000000001;0.14943813247360022
0.151000000000001;0.15042682866768106
0.152000000000001;0.1514153744349458
0.153000000000001;0.15240376878684872
0.154000000000001;0.15339201073499553
0.155000000000001;0.1543800992911444
0.156000000000001;0.15536803346720685
0.157000000000001;0.15635581227524878
0.158000000000001;0.15734343472749146
0.159000000000001;0.15833089983631252
0.160000000000001;0.15931820661424695
0.161000000000001;0.16030535407398805
0.162000000000001;0.1612923412283884
0.163000000000001;0.162279167090461
0.164000000000001;0.16326583067338002
0.165000000000001;0.16425233099048195
0.166000000000001;0.1652386670552666
0.167000000000001;0.16622483788139797
0.168000000000001;0.1672108424827053
0.169000000000001;0.16819667987318407
0.170000000000001;0.169182349066997
0.171000000000001;0.17016784907847496
0.172000000000001;0.17115317892211804
0.17300000000000101;0.17213833761259642
0.17400000000000101;0.17312332416475157
0.17500000000000102;0.17410813759359695
0.17600000000000102;0.17509277691431926
0.17700000000000102;0.17607724114227924
0.17800000000000102;0.17706152929301278
0.17900000000000102;0.17804564038223175
0.18000000000000102;0.17902957342582518
0.18100000000000102;0.18001332743986012
0.18200000000000102;0.18099690144058259
0.18300000000000102;0.18198029444441874
0.18400000000000102;0.18296350546797557
0.18500000000000102;0.18394653352804222
0.18600000000000103;0.18492937764159065
0.18700000000000103;0.18591203682577684
0.18800000000000103;0.18689451009794172
0.18900000000000103;0.18787679647561206
0.19000000000000103;0.1888588949765016
0.19100000000000103;0.18984080461851188
0.19200000000000103;0.19082252441973335
0.19300000000000103;0.19180405339844633
0.19400000000000103;0.19278539057312188
0.19500000000000103;0.19376653496242294
0.19600000000000103;0.1947474855852052
0.19700000000000104;0.19572824146051807
0.19800000000000104;0.1967088016076058
0.19900000000000104;0.1976891650459083
0.20000000000000104;0.19866933079506224
0.20100000000000104;0.19964929787490193
0.20200000000000104;0.2006290653054604
0.20300000000000104;0.20160863210697028
0.20400000000000104;0.20258799729986485
0.20500000000000104;0.203567159904779
0.20600000000000104;0.2045461189425502
0.20700000000000104;0.20552487343421952
0.20800000000000105;0.20650342240103253
0.20900000000000105;0.20748176486444037
0.21000000000000105;0.20845989984610058
0.21100000000000105;0.20943782636787836
0.21200000000000105;0.2104155434518472
0.21300000000000105;0.21139305012029014
0.21400000000000105;0.21237034539570057
0.21500000000000105;0.21334742830078332
0.21600000000000105;0.21432429785845553
0.21700000000000105;0.21530095309184774
0.21800000000000105;0.2162773930243048
0.21900000000000105;0.21725361667938686
0.22000000000000106;0.21822962308087035
0.22100000000000106;0.21920541125274895
0.22200000000000106;0.22018098021923455
0.22300000000000106;0.2211563290047583
0.22400000000000106;0.22213145663397144
0.22500000000000106;0.22310636213174648
0.22600000000000106;0.22408104452317798
0.22700000000000106;0.22505550283358364
0.22800000000000106;0.22602973608850518
0.22900000000000106;0.2270037433137095
0.23000000000000106;0.22797752353518944
0.23100000000000107;0.22895107577916482
0.23200000000000107;0.2299243990720835
0.23300000000000107;0.23089749244062227
0.23400000000000107;0.23187035491168784
0.23500000000000107;0.23284298551241783
0.23600000000000107;0.2338153832701817
0.23700000000000107;0.23478754721258177
0.23800000000000107;0.23575947636745423
0.23900000000000107;0.23673116976286995
0.24000000000000107;0.23770262642713563
0.24100000000000107;0.2386738453887947
0.24200000000000108;0.23964482567662826
0.24300000000000108;0.24061556631965614
0.24400000000000108;0.24158606634713772
0.24500000000000108;0.24255632478857309
0.24600000000000108;0.2435263406737039
0.24700000000000108;0.2444961130325143
0.24800000000000108;0.2454656408952321
0.24900000000000108;0.2464349232923294
0.25000000000000105;0.24740395925452396
0.25100000000000106;0.24837274781277988
0.25200000000000106;0.2493412879983087
0.25300000000000106;0.25030957884257027
0.25400000000000106;0.2512776193772739
0.25500000000000106;0.2522454086343791
0.25600000000000106;0.25321294564609664
0.25700000000000106;0.25418022944488966
0.25800000000000106;0.2551472590634744
0.25900000000000106;0.2561140335348214
0.26000000000000106;0.2570805518921561
0.26100000000000106;0.25804681316896044
0.26200000000000107;0.25901281639897306
0.26300000000000107;0.25997856061619085
0.26400000000000107;0.2609440448548697
0.26500000000000107;0.2619092681495255
0.26600000000000107;0.2628742295349349
0.26700000000000107;0.2638389280461367
0.26800000000000107;0.2648033627184324
0.26900000000000107;0.2657675325873875
0.2700000000000011;0.26673143668883215
0.2710000000000011;0.26769507405886234
0.2720000000000011;0.2686584437338408
0.2730000000000011;0.26962154475039785
0.2740000000000011;0.2705843761454327
0.2750000000000011;0.27154693695611387
0.2760000000000011;0.2725092262198808
0.2770000000000011;0.27347124297444414
0.2780000000000011;0.27443298625778734
0.2790000000000011;0.2753944551081671
0.2800000000000011;0.27635564856411476
0.2810000000000011;0.27731656566443685
0.2820000000000011;0.27827720544821644
0.2830000000000011;0.2792375669548137
0.2840000000000011;0.2801976492238673
0.2850000000000011;0.28115745129529507
0.2860000000000011;0.28211697220929494
0.2870000000000011;0.2830762110063461
0.2880000000000011;0.28403516672720985
0.2890000000000011;0.2849938384129305
0.2900000000000011;0.2859522251048366
0.2910000000000011;0.28691032584454135
0.2920000000000011;0.28786813967394415
0.2930000000000011;0.28882566563523127
0.2940000000000011;0.28978290277087687
0.2950000000000011;0.2907398501236438
0.2960000000000011;0.29169650673658487
0.2970000000000011;0.2926528716530435
0.2980000000000011;0.2936089439166548
0.2990000000000011;0.29456472257134675
0.3000000000000011;0.2955202066613406
0.3010000000000011;0.29647539523115246
0.3020000000000011;0.2974302873255938
0.3030000000000011;0.2983848819897726
0.3040000000000011;0.29933917826909423
0.3050000000000011;0.3002931752092626
0.3060000000000011;0.30124687185628074
0.3070000000000011;0.3022002672564521
0.3080000000000011;0.30315336045638147
0.3090000000000011;0.30410615050297557
0.3100000000000011;0.30505863644344455
0.3110000000000011;0.3060108173253025
0.3120000000000011;0.3069626921963686
0.3130000000000011;0.30791426010476813
0.3140000000000011;0.3088655200989332
0.3150000000000011;0.3098164712276039
0.3160000000000011;0.3107671125398292
0.3170000000000011;0.31171744308496785
0.3180000000000011;0.3126674619126894
0.3190000000000011;0.31361716807297507
0.3200000000000011;0.3145665606161188
0.3210000000000011;0.3155156385927282
0.3220000000000011;0.3164644010537252
0.3230000000000011;0.31741284705034756
0.3240000000000011;0.31836097563414933
0.3250000000000011;0.319308785857002
0.3260000000000011;0.3202562767710954
0.3270000000000011;0.32120344742893875
0.3280000000000011;0.32215029688336144
0.3290000000000011;0.32309682418751406
0.3300000000000011;0.3240430283948694
0.3310000000000011;0.3249889085592234
0.3320000000000011;0.32593446373469587
0.33300000000000113;0.32687969297573183
0.33400000000000113;0.327824595337102
0.33500000000000113;0.3287691698739042
0.33600000000000113;0.32971341564156387
0.33700000000000113;0.3306573316958354
0.33800000000000113;0.33160091709280276
0.33900000000000113;0.3325441708888807
0.34000000000000113;0.33348709214081546
0.34100000000000114;0.3344296799056859
0.34200000000000114;0.33537193324090425
0.34300000000000114;0.3363138512042173
0.34400000000000114;0.3372554328537072
0.34500000000000114;0.33819667724779234
0.34600000000000114;0.33913758344522843
0.34700000000000114;0.3400781505051093
0.34800000000000114;0.34101837748686803
0.34900000000000114;0.3419582634502777
0.35000000000000114;0.3428978074554524
0.35100000000000114;0.34383700856284827
0.35200000000000115;0.3447758658332642
0.35300000000000115;0.34571437832784296
0.35400000000000115;0.3466525451080723
0.35500000000000115;0.34759036523578535
0.35600000000000115;0.34852783777316215
0.35700000000000115;0.34946496178273023
0.35800000000000115;0.35040173632736565
0.35900000000000115;0.351338160470294
0.36000000000000115;0.35227423327509105
0.36100000000000115;0.35320995380568426
0.36200000000000115;0.35414532112635305
0.36300000000000116;0.35508033430173025
0.36400000000000116;0.35601499239680273
0.36500000000000116;0.3569492944769125
0.36600000000000116;0.3578832396077575
0.36700000000000116;0.35881682685539273
0.36800000000000116;0.359750055286231
0.36900000000000116;0.360682923967044
0.37000000000000116;0.36161543196496304
0.37100000000000116;0.3625475783474803
0.37200000000000116;0.3634793621824494
0.37300000000000116;0.3644107825380866
0.37400000000000116;0.36534183848297164
0.37500000000000117;0.3662725290860486
0.37600000000000117;0.36720285341662706
0.37700000000000117;0.3681328105443827
0.37800000000000117;0.36906239953935843
0.37900000000000117;0.3699916194719654
0.38000000000000117;0.37092046941298373
0.38100000000000117;0.3718489484335636
0.38200000000000117;0.37277705560522595
0.3830000000000012;0.3737047899998638
0.3840000000000012;0.3746321506897428
0.3850000000000012;0.3755591367475023
0.3860000000000012;0.37648574724615635
0.3870000000000012;0.37741198125909453
0.3880000000000012;0.37833783786008296
0.3890000000000012;0.37926331612326497
0.3900000000000012;0.38018841512316254
0.3910000000000012;0.3811131339346766
0.3920000000000012;0.38203747163308854
0.3930000000000012;0.38296142729406063
0.3940000000000012;0.3838849999936374
0.3950000000000012;0.38480818880824613
0.3960000000000012;0.38573099281469814
0.3970000000000012;0.3866534110901894
0.3980000000000012;0.3875754427123019
0.3990000000000012;0.3884970867590039
0.4000000000000012;0.3894183423086516
0.4010000000000012;0.39033920843998937
0.4020000000000012;0.3912596842321513
0.4030000000000012;0.39217976876466154
0.4040000000000012;0.3930994611174357
0.4050000000000012;0.39401876037078154
0.4060000000000012;0.39493766560539983
0.4070000000000012;0.3958561759023854
0.4080000000000012;0.3967742903432281
0.4090000000000012;0.39769200800981347
0.4100000000000012;0.398609327984424
0.4110000000000012;0.39952624934973974
0.4120000000000012;0.4004427711888395
0.4130000000000012;0.40135889258520135
0.4140000000000012;0.4022746126227041
0.4150000000000012;0.4031899303856277
0.4160000000000012;0.40410484495865456
0.4170000000000012;0.4050193554268702
0.4180000000000012;0.40593346087576404
0.4190000000000012;0.4068471603912309
0.4200000000000012;0.40776045305957126
0.4210000000000012;0.40867333796749256
0.4220000000000012;0.40958581420210993
0.4230000000000012;0.41049788085094724
0.4240000000000012;0.41140953700193794
0.4250000000000012;0.41232078174342585
0.4260000000000012;0.4132316141641664
0.4270000000000012;0.4141420333533273
0.4280000000000012;0.41505203840048926
0.4290000000000012;0.41596162839564743
0.4300000000000012;0.4168708024292119
0.4310000000000012;0.41777955959200863
0.4320000000000012;0.4186878989752806
0.4330000000000012;0.4195958196706885
0.4340000000000012;0.4205033207703117
0.4350000000000012;0.42141040136664915
0.4360000000000012;0.42231706055262036
0.4370000000000012;0.4232232974215662
0.4380000000000012;0.42412911106724993
0.4390000000000012;0.4250345005838579
0.4400000000000012;0.4259394650660007
0.4410000000000012;0.42684400360871394
0.4420000000000012;0.42774811530745915
0.4430000000000012;0.4286517992581247
0.4440000000000012;0.4295550545570267
0.44500000000000123;0.4304578803009099
0.44600000000000123;0.4313602755869488
0.44700000000000123;0.43226223951274795
0.44800000000000123;0.43316377117634364
0.44900000000000123;0.4340648696762042
0.45000000000000123;0.43496553411123134
0.45100000000000123;0.43586576358076057
0.45200000000000123;0.43676555718456256
0.45300000000000124;0.43766491402284374
0.45400000000000124;0.43856383319624737
0.45500000000000124;0.4394623138058544
0.45600000000000124;0.44036035495318415
0.45700000000000124;0.4412579557401957
0.45800000000000124;0.4421551152692883
0.45900000000000124;0.44305183264330245
0.46000000000000124;0.4439481069655209
0.46100000000000124;0.4448439373396693
0.46200000000000124;0.4457393228699175
0.46300000000000124;0.44663426266088
0.46400000000000124;0.44752875581761703
0.46500000000000125;0.44842280144563557
0.46600000000000125;0.44931639865088996
0.46700000000000125;0.4502095465397832
0.46800000000000125;0.4511022442191674
0.46900000000000125;0.45199449079634496
0.47000000000000125;0.4528862853790694
0.47100000000000125;0.4537776270755462
0.47200000000000125;0.4546685149944337
0.47300000000000125;0.45555894824484416
0.47400000000000125;0.45644892593634434
0.47500000000000125;0.4573384471789566
0.47600000000000126;0.4582275110831598
0.47700000000000126;0.45911611675989006
0.47800000000000126;0.46000426332054184
0.47900000000000126;0.4608919498769687
0.48000000000000126;0.461779175541484
0.48100000000000126;0.4626659394268623
0.48200000000000126;0.4635522406463397
0.48300000000000126;0.46443807831361505
0.48400000000000126;0.4653234515428508
0.48500000000000126;0.46620835944867384
0.48600000000000126;0.46709280114617624
0.48700000000000127;0.46797677575091645
0.48800000000000127;0.4688602823789199
0.48900000000000127;0.46974332014668
0.49000000000000127;0.47062588817115913
0.49100000000000127;0.47150798556978935
0.49200000000000127;0.4723896114604732
0.49300000000000127;0.47327076496158504
0.49400000000000127;0.47415144519197133
0.4950000000000013;0.4750316512709519
0.4960000000000013;0.4759113823183208
0.4970000000000013;0.4767906374543471
0.4980000000000013;0.4776694157997756
0.4990000000000013;0.47854771647582817
0.5000000000000012;0.47942553860420406
0.5010000000000012;0.4803028813070814
0.5020000000000012;0.48117974370711736
0.5030000000000012;0.48205612492744976
0.5040000000000012;0.48293202409169744
0.5050000000000012;0.4838074403239612
0.5060000000000012;0.48468237274882503
0.5070000000000012;0.48555682049135646
0.5080000000000012;0.4864307826771079
0.5090000000000012;0.4873042584321171
0.5100000000000012;0.4881772468829086
0.5110000000000012;0.4890497471564938
0.5120000000000012;0.48992175838037266
0.5130000000000012;0.49079327968253394
0.5140000000000012;0.49166431019145646
0.5150000000000012;0.4925348490361097
0.5160000000000012;0.493404895345955
0.5170000000000012;0.4942744482509461
0.5180000000000012;0.4951435068815301
0.5190000000000012;0.4960120703686484
0.5200000000000012;0.4968801378437378
0.5210000000000012;0.4977477084387307
0.5220000000000012;0.49861478128605663
0.5230000000000012;0.49948135551864287
0.5240000000000012;0.5003474302699151
0.5250000000000012;0.5012130046737989
0.5260000000000012;0.5020780778647198
0.5270000000000012;0.5029426489776045
0.5280000000000012;0.5038067171478823
0.5290000000000012;0.5046702815114849
0.5300000000000012;0.505533341204848
0.5310000000000012;0.506395895364912
0.5320000000000012;0.507257943129123
0.5330000000000013;0.508119483635433
0.5340000000000013;0.5089805160223018
0.5350000000000013;0.5098410394286969
0.5360000000000013;0.5107010529940951
0.5370000000000013;0.5115605558584828
0.5380000000000013;0.5124195471623574
0.5390000000000013;0.5132780260467273
0.5400000000000013;0.5141359916531142
0.5410000000000013;0.5149934431235521
0.5420000000000013;0.5158503796005899
0.5430000000000013;0.5167068002272911
0.5440000000000013;0.517562704147235
0.5450000000000013;0.518418090504518
0.5460000000000013;0.5192729584437538
0.5470000000000013;0.5201273071100743
0.5480000000000013;0.520981135649131
0.5490000000000013;0.5218344432070955
0.5500000000000013;0.5226872289306602
0.5510000000000013;0.5235394919670396
0.5520000000000013;0.5243912314639707
0.5530000000000013;0.525242446569714
0.5540000000000013;0.5260931364330546
0.5550000000000013;0.5269433002033024
0.5560000000000013;0.5277929370302941
0.5570000000000013;0.5286420460643926
0.5580000000000013;0.5294906264564891
0.5590000000000013;0.5303386773580034
0.5600000000000013;0.5311861979208845
0.5610000000000013;0.5320331872976118
0.5620000000000013;0.5328796446411963
0.5630000000000013;0.5337255691051805
0.5640000000000013;0.5345709598436401
0.5650000000000013;0.5354158160111845
0.5660000000000013;0.5362601367629574
0.5670000000000013;0.5371039212546381
0.5680000000000013;0.5379471686424425
0.5690000000000013;0.538789878083123
0.5700000000000013;0.5396320487339703
0.5710000000000013;0.5404736797528139
0.5720000000000013;0.5413147702980228
0.5730000000000013;0.5421553195285064
0.5740000000000013;0.5429953266037157
0.5750000000000013;0.5438347906836437
0.5760000000000013;0.5446737109288262
0.5770000000000013;0.5455120865003433
0.5780000000000013;0.5463499165598193
0.5790000000000013;0.5471872002694244
0.5800000000000013;0.5480239367918747
0.5810000000000013;0.5488601252904338
0.5820000000000013;0.5496957649289135
0.5830000000000013;0.550530854871674
0.5840000000000013;0.5513653942836255
0.5850000000000013;0.5521993823302287
0.5860000000000013;0.5530328181774956
0.5870000000000013;0.5538657009919904
0.5880000000000013;0.5546980299408303
0.5890000000000013;0.5555298041916865
0.5900000000000013;0.5563610229127849
0.5910000000000013;0.5571916852729066
0.5920000000000013;0.5580217904413896
0.5930000000000013;0.5588513375881285
0.5940000000000013;0.5596803258835765
0.5950000000000013;0.5605087544987453
0.5960000000000013;0.5613366226052062
0.5970000000000013;0.5621639293750914
0.5980000000000013;0.5629906739810939
0.5990000000000013;0.5638168555964695
0.6000000000000013;0.5646424733950365
0.6010000000000013;0.565467526551177
0.6020000000000013;0.5662920142398382
0.6030000000000013;0.5671159356365323
0.6040000000000013;0.567939289917338
0.6050000000000013;0.5687620762589011
0.6060000000000013;0.5695842938384353
0.6070000000000013;0.5704059418337233
0.6080000000000013;0.5712270194231169
0.6090000000000013;0.5720475257855386
0.6100000000000013;0.5728674601004824
0.6110000000000013;0.5736868215480136
0.6120000000000013;0.5745056093087713
0.6130000000000013;0.5753238225639673
0.6140000000000013;0.5761414604953888
0.6150000000000013;0.5769585222853979
0.6160000000000013;0.5777750071169326
0.6170000000000013;0.5785909141735085
0.6180000000000013;0.5794062426392185
0.6190000000000013;0.580220991698734
0.6200000000000013;0.5810351605373062
0.6210000000000013;0.5818487483407663
0.6220000000000013;0.5826617542955265
0.6230000000000013;0.5834741775885809
0.6240000000000013;0.5842860174075064
0.6250000000000013;0.5850972729404632
0.6260000000000013;0.5859079433761959
0.6270000000000013;0.5867180279040339
0.6280000000000013;0.587527525713893
0.6290000000000013;0.5883364359962753
0.6300000000000013;0.5891447579422706
0.6310000000000013;0.589952490743557
0.6320000000000013;0.590759633592402
0.6330000000000013;0.5915661856816625
0.6340000000000013;0.5923721462047866
0.6350000000000013;0.593177514355814
0.6360000000000013;0.5939822893293764
0.6370000000000013;0.594786470320699
0.6380000000000013;0.5955900565256007
0.6390000000000013;0.5963930471404957
0.6400000000000013;0.5971954413623931
0.6410000000000013;0.597997238388899
0.6420000000000013;0.5987984374182164
0.6430000000000013;0.5995990376491461
0.6440000000000013;0.6003990382810882
0.6450000000000014;0.6011984385140421
0.6460000000000014;0.6019972375486076
0.6470000000000014;0.6027954345859856
0.6480000000000014;0.6035930288279794
0.6490000000000014;0.6043900194769946
0.6500000000000014;0.6051864057360407
0.6510000000000014;0.6059821868087314
0.6520000000000014;0.6067773618992859
0.6530000000000014;0.607571930212529
0.6540000000000014;0.6083658909538926
0.6550000000000014;0.6091592433294158
0.6560000000000014;0.6099519865457466
0.6570000000000014;0.6107441198101417
0.6580000000000014;0.6115356423304676
0.6590000000000014;0.6123265533152025
0.6600000000000014;0.6131168519734349
0.6610000000000014;0.6139065375148665
0.6620000000000014;0.6146956091498116
0.6630000000000014;0.6154840660891989
0.6640000000000014;0.6162719075445714
0.6650000000000014;0.6170591327280877
0.6660000000000014;0.6178457408525226
0.6670000000000014;0.6186317311312682
0.6680000000000014;0.6194171027783343
0.6690000000000014;0.6202018550083492
0.6700000000000014;0.6209859870365607
0.6710000000000014;0.6217694980788371
0.6720000000000014;0.6225523873516671
0.6730000000000014;0.6233346540721616
0.6740000000000014;0.624116297458054
0.6750000000000014;0.6248973167277009
0.6760000000000014;0.6256777111000832
0.6770000000000014;0.6264574797948066
0.6780000000000014;0.6272366220321023
0.6790000000000014;0.6280151370328283
0.6800000000000014;0.6287930240184696
0.6810000000000014;0.6295702822111393
0.6820000000000014;0.6303469108335792
0.6830000000000014;0.6311229091091608
0.6840000000000014;0.6318982762618859
0.6850000000000014;0.6326730115163874
0.6860000000000014;0.6334471140979301
0.6870000000000014;0.6342205832324115
0.6880000000000014;0.6349934181463626
0.6890000000000014;0.6357656180669483
0.6900000000000014;0.636537182221969
0.6910000000000014;0.6373081098398605
0.6920000000000014;0.6380784001496953
0.6930000000000014;0.6388480523811831
0.6940000000000014;0.6396170657646718
0.6950000000000014;0.640385439531148
0.6960000000000014;0.6411531729122381
0.6970000000000014;0.6419202651402086
0.6980000000000014;0.6426867154479675
0.6990000000000014;0.6434525230690645
0.7000000000000014;0.6442176872376921
0.7010000000000014;0.6449822071886862
0.7020000000000014;0.6457460821575267
0.7030000000000014;0.646509311380339
0.7040000000000014;0.6472718940938936
0.7050000000000014;0.6480338295356083
0.7060000000000014;0.6487951169435473
0.7070000000000014;0.6495557555564234
0.7080000000000014;0.6503157446135982
0.7090000000000014;0.6510750833550826
0.7100000000000014;0.6518337710215377
0.7110000000000014;0.6525918068542763
0.7120000000000014;0.6533491900952623
0.7130000000000014;0.6541059199871128
0.7140000000000014;0.6548619957730977
0.7150000000000014;0.6556174166971414
0.7160000000000014;0.656372182003823
0.7170000000000014;0.6571262909383774
0.7180000000000014;0.6578797427466955
0.7190000000000014;0.6586325366753257
0.7200000000000014;0.6593846719714742
0.7210000000000014;0.6601361478830057
0.7220000000000014;0.6608869636584442
0.7230000000000014;0.6616371185469742
0.7240000000000014;0.6623866117984407
0.7250000000000014;0.6631354426633508
0.7260000000000014;0.6638836103928732
0.7270000000000014;0.6646311142388408
0.7280000000000014;0.6653779534537494
0.7290000000000014;0.6661241272907601
0.7300000000000014;0.6668696350036989
0.7310000000000014;0.6676144758470584
0.7320000000000014;0.6683586490759976
0.7330000000000014;0.6691021539463434
0.7340000000000014;0.669844989714591
0.7350000000000014;0.6705871556379048
0.7360000000000014;0.6713286509741188
0.7370000000000014;0.6720694749817377
0.7380000000000014;0.6728096269199377
0.7390000000000014;0.6735491060485669
0.7400000000000014;0.6742879116281462
0.7410000000000014;0.6750260429198699
0.7420000000000014;0.675763499185607
0.7430000000000014;0.6765002796879013
0.7440000000000014;0.6772363836899722
0.7450000000000014;0.6779718104557159
0.7460000000000014;0.6787065592497056
0.7470000000000014;0.6794406293371926
0.7480000000000014;0.6801740199841069
0.7490000000000014;0.680906730457058
0.7500000000000014;0.6816387600233352
0.7510000000000014;0.6823701079509092
0.7520000000000014;0.6831007735084322
0.7530000000000014;0.6838307559652387
0.7540000000000014;0.6845600545913461
0.7550000000000014;0.685288668657456
0.7560000000000014;0.6860165974349544
0.7570000000000014;0.6867438401959124
0.7580000000000015;0.6874703962130875
0.7590000000000015;0.6881962647599236
0.7600000000000015;0.6889214451105524
0.7610000000000015;0.6896459365397934
0.7620000000000015;0.6903697383231554
0.7630000000000015;0.6910928497368366
0.7640000000000015;0.6918152700577257
0.7650000000000015;0.6925369985634023
0.7660000000000015;0.6932580345321381
0.7670000000000015;0.6939783772428971
0.7680000000000015;0.6946980259753368
0.7690000000000015;0.6954169800098083
0.7700000000000015;0.6961352386273578
0.7710000000000015;0.6968528011097267
0.7720000000000015;0.6975696667393525
0.7730000000000015;0.6982858347993697
0.7740000000000015;0.6990013045736103
0.7750000000000015;0.6997160753466046
0.7760000000000015;0.7004301464035818
0.7770000000000015;0.7011435170304711
0.7780000000000015;0.7018561865139017
0.7790000000000015;0.7025681541412042
0.7800000000000015;0.7032794192004113
0.7810000000000015;0.7039899809802577
0.7820000000000015;0.7046998387701817
0.7830000000000015;0.7054089918603257
0.7840000000000015;0.7061174395415367
0.7850000000000015;0.706825181105367
0.7860000000000015;0.707532215844075
0.7870000000000015;0.7082385430506262
0.7880000000000015;0.7089441620186934
0.7890000000000015;0.7096490720426576
0.7900000000000015;0.7103532724176088
0.7910000000000015;0.7110567624393469
0.7920000000000015;0.7117595414043818
0.7930000000000015;0.7124616086099346
0.7940000000000015;0.7131629633539383
0.7950000000000015;0.7138636049350379
0.7960000000000015;0.714563532652592
0.7970000000000015;0.7152627458066732
0.7980000000000015;0.715961243698068
0.7990000000000015;0.7166590256282789
0.8000000000000015;0.7173560908995238
0.8010000000000015;0.7180524388147377
0.8020000000000015;0.7187480686775725
0.8030000000000015;0.7194429797923986
0.8040000000000015;0.7201371714643048
0.8050000000000015;0.7208306429990996
0.8060000000000015;0.7215233937033114
0.8070000000000015;0.7222154228841896
0.8080000000000015;0.7229067298497052
0.8090000000000015;0.7235973139085512
0.8100000000000015;0.7242871743701436
0.8110000000000015;0.7249763105446219
0.8120000000000015;0.7256647217428501
0.8130000000000015;0.726352407276417
0.8140000000000015;0.7270393664576372
0.8150000000000015;0.7277255985995515
0.8160000000000015;0.7284111030159279
0.8170000000000015;0.7290958790212619
0.8180000000000015;0.7297799259307778
0.8190000000000015;0.7304632430604284
0.8200000000000015;0.7311458297268969
0.8210000000000015;0.7318276852475966
0.8220000000000015;0.7325088089406719
0.8230000000000015;0.7331892001249996
0.8240000000000015;0.7338688581201881
0.8250000000000015;0.7345477822465796
0.8260000000000015;0.7352259718252501
0.8270000000000015;0.7359034261780101
0.8280000000000015;0.7365801446274051
0.8290000000000015;0.737256126496717
0.8300000000000015;0.7379313711099638
0.8310000000000015;0.7386058777919009
0.8320000000000015;0.7392796458680219
0.8330000000000015;0.7399526746645585
0.8340000000000015;0.7406249635084822
0.8350000000000015;0.741296511727504
0.8360000000000015;0.7419673186500759
0.8370000000000015;0.7426373836053911
0.8380000000000015;0.7433067059233844
0.8390000000000015;0.7439752849347339
0.8400000000000015;0.7446431199708603
0.8410000000000015;0.7453102103639289
0.8420000000000015;0.7459765554468492
0.8430000000000015;0.7466421545532762
0.8440000000000015;0.7473070070176109
0.8450000000000015;0.7479711121750008
0.8460000000000015;0.7486344693613409
0.8470000000000015;0.749297077913274
0.8480000000000015;0.7499589371681917
0.8490000000000015;0.7506200464642346
0.8500000000000015;0.7512804051402937
0.8510000000000015;0.7519400125360103
0.8520000000000015;0.7525988679917769
0.8530000000000015;0.7532569708487383
0.8540000000000015;0.7539143204487916
0.8550000000000015;0.7545709161345873
0.8560000000000015;0.7552267572495297
0.8570000000000015;0.7558818431377778
0.8580000000000015;0.7565361731442457
0.8590000000000015;0.7571897466146037
0.8600000000000015;0.757842562895278
0.8610000000000015;0.7584946213334526
0.8620000000000015;0.759145921277069
0.8630000000000015;0.7597964620748275
0.8640000000000015;0.7604462430761872
0.8650000000000015;0.7610952636313673
0.8660000000000015;0.7617435230913471
0.8670000000000015;0.7623910208078672
0.8680000000000015;0.7630377561334302
0.8690000000000015;0.7636837284213005
0.8700000000000015;0.7643289370255061
0.8710000000000016;0.7649733813008384
0.8720000000000016;0.7656170606028531
0.8730000000000016;0.766259974287871
0.8740000000000016;0.7669021217129783
0.8750000000000016;0.7675435022360281
0.8760000000000016;0.7681841152156395
0.8770000000000016;0.7688239600111996
0.8780000000000016;0.7694630359828638
0.8790000000000016;0.7701013424915563
0.8800000000000016;0.7707388788989703
0.8810000000000016;0.7713756445675697
0.8820000000000016;0.7720116388605888
0.8830000000000016;0.7726468611420334
0.8840000000000016;0.7732813107766812
0.8850000000000016;0.7739149871300827
0.8860000000000016;0.7745478895685616
0.8870000000000016;0.7751800174592154
0.8880000000000016;0.7758113701699163
0.8890000000000016;0.7764419470693118
0.8900000000000016;0.7770717475268248
0.8910000000000016;0.7777007709126552
0.8920000000000016;0.7783290165977794
0.8930000000000016;0.7789564839539519
0.8940000000000016;0.7795831723537052
0.8950000000000016;0.7802090811703513
0.8960000000000016;0.7808342097779812
0.8970000000000016;0.7814585575514664
0.8980000000000016;0.7820821238664591
0.8990000000000016;0.7827049080993932
0.9000000000000016;0.7833269096274844
0.9010000000000016;0.7839481278287312
0.9020000000000016;0.7845685620819155
0.9030000000000016;0.7851882117666031
0.9040000000000016;0.7858070762631445
0.9050000000000016;0.786425154952675
0.9060000000000016;0.787042447217116
0.9070000000000016;0.7876589524391756
0.9080000000000016;0.7882746700023482
0.9090000000000016;0.7888895992909166
0.9100000000000016;0.7895037396899514
0.9110000000000016;0.7901170905853123
0.9120000000000016;0.7907296513636485
0.9130000000000016;0.7913414214123992
0.9140000000000016;0.7919524001197944
0.9150000000000016;0.7925625868748555
0.9160000000000016;0.7931719810673957
0.9170000000000016;0.793780582088021
0.9180000000000016;0.7943883893281305
0.9190000000000016;0.7949954021799167
0.9200000000000016;0.795601620036367
0.9210000000000016;0.7962070422912636
0.9220000000000016;0.7968116683391842
0.9230000000000016;0.7974154975755029
0.9240000000000016;0.7980185293963905
0.9250000000000016;0.7986207631988151
0.9260000000000016;0.7992221983805432
0.9270000000000016;0.7998228343401395
0.9280000000000016;0.800422670476968
0.9290000000000016;0.8010217061911927
0.9300000000000016;0.8016199408837781
0.9310000000000016;0.8022173739564894
0.9320000000000016;0.8028140048118936
0.9330000000000016;0.8034098328533598
0.9340000000000016;0.8040048574850601
0.9350000000000016;0.80459907811197
0.9360000000000016;0.8051924941398688
0.9370000000000016;0.8057851049753405
0.9380000000000016;0.8063769100257745
0.9390000000000016;0.8069679086993656
0.9400000000000016;0.8075581004051152
0.9410000000000016;0.8081474845528318
0.9420000000000016;0.8087360605531311
0.9430000000000016;0.8093238278174373
0.9440000000000016;0.8099107857579831
0.9450000000000016;0.8104969337878106
0.9460000000000016;0.8110822713207719
0.9470000000000016;0.8116667977715295
0.9480000000000016;0.8122505125555569
0.9490000000000016;0.8128334150891395
0.9500000000000016;0.8134155047893747
0.9510000000000016;0.813996781074173
0.9520000000000016;0.8145772433622579
0.9530000000000016;0.8151568910731674
0.9540000000000016;0.8157357236272537
0.9550000000000016;0.8163137404456844
0.9560000000000016;0.8168909409504427
0.9570000000000016;0.817467324564328
0.9580000000000016;0.818042890710957
0.9590000000000016;0.8186176388147633
0.9600000000000016;0.8191915683009993
0.9610000000000016;0.819764678595735
0.9620000000000016;0.8203369691258605
0.9630000000000016;0.8209084393190852
0.9640000000000016;0.821479088603939
0.9650000000000016;0.8220489164097727
0.9660000000000016;0.8226179221667584
0.9670000000000016;0.8231861053058906
0.9680000000000016;0.8237534652589861
0.9690000000000016;0.8243200014586849
0.9700000000000016;0.824885713338451
0.9710000000000016;0.8254506003325724
0.9720000000000016;0.8260146618761623
0.9730000000000016;0.8265778974051593
0.9740000000000016;0.8271403063563276
0.9750000000000016;0.8277018881672585
0.9760000000000016;0.8282626422763703
0.9770000000000016;0.8288225681229088
0.9780000000000016;0.8293816651469482
0.9790000000000016;0.8299399327893916
0.9800000000000016;0.8304973704919714
0.9810000000000016;0.8310539776972499
0.9820000000000016;0.8316097538486199
0.9830000000000017;0.8321646983903054
0.9840000000000017;0.8327188107673619
0.9850000000000017;0.833272090425677
0.9860000000000017;0.833824536811971
0.9870000000000017;0.8343761493737978
0.9880000000000017;0.8349269275595448
0.9890000000000017;0.8354768708184337
0.9900000000000017;0.8360259786005214
0.9910000000000017;0.8365742503567002
0.9920000000000017;0.8371216855386985
0.9930000000000017;0.8376682835990809
0.9940000000000017;0.8382140439912494
0.9950000000000017;0.8387589661694439
0.9960000000000017;0.839303049588742
0.9970000000000017;0.8398462937050606
0.9980000000000017;0.8403886979751555
0.9990000000000017;0.8409302618566223
