-1;0.18839510577812124
-0.999;0.1808884357278422
-0.998;0.1734791032321199
-0.997;0.1661660152300244
-0.996;0.15894808992379117
-0.995;0.15182425667345156
-0.994;0.14479345589235426
-0.993;0.13785463894356864
-0.992;0.13100676803716294
-0.991;0.1242488161283497
-0.99;0.11757976681649551
-0.989;0.11099861424498614
-0.988;0.10450436300193733
-0.987;0.0980960280217511
-0.986;0.0917726344875085
-0.985;0.08553321773419009
-0.984;0.07937682315271877
-0.983;0.0733025060948247
-0.982;0.06730933177871434
-0.981;0.06139637519555019
-0.98;0.05556272101672288
-0.979;0.049807463501922555
-0.978;0.04412970640798952
-0.977;0.038528562898549445
-0.976;0.03300315545442278
-0.975;0.027552615784798506
-0.974;0.022176084739175872
-0.973;0.01687271222005693
-0.972;0.011641657096393976
-0.971;0.006482087117779978
-0.97;0.0013931788293779501
-0.969;-0.0036258825124160232
-0.968;-0.008575903023581355
-0.967;-0.01345768027536054
-0.966;-0.018272003376430535
-0.965;-0.023019653054360267
-0.964;-0.02770140173636748
-0.963;-0.03231801362937148
-0.962;-0.036870244799353524
-0.961;-0.04135884325002781
-0.96;-0.04578454900082829
-0.959;-0.050148094164217505
-0.958;-0.05445020302232051
-0.957;-0.05869159210289632
-0.956;-0.06287297025463845
-0.955;-0.06699503872182544
-0.954;-0.07105849121831487
-0.953;-0.07506401400089091
-0.952;-0.07901228594197152
-0.951;-0.0829039786016752
-0.95;-0.08673975629925945
-0.949;-0.09052027618392822
-0.948;-0.0942461883050204
-0.947;-0.09791813568157948
-0.946;-0.10153675437130982
-0.945;-0.10510267353892655
-0.944;-0.10861651552390361
-0.943;-0.11207889590761988
-0.942;-0.11549042357991823
-0.941;-0.11885170080506746
-0.94;-0.12216332328714818
-0.939;-0.1254258802348548
-0.938;-0.1286399544257235
-0.9369999999999999;-0.13180612226979116
-0.9359999999999999;-0.13492495387268588
-0.9349999999999999;-0.13799701309816015
-0.9339999999999999;-0.14102285763006384
-0.9329999999999999;-0.1440030390337661
-0.9319999999999999;-0.14693810281703046
-0.9309999999999999;-0.14982858849034242
-0.9299999999999999;-0.15267502962670465
-0.9289999999999999;-0.1554779539208896
-0.9279999999999999;-0.15823788324816745
-0.9269999999999999;-0.16095533372250304
-0.9259999999999999;-0.16363081575423544
-0.9249999999999999;-0.16626483410723425
-0.9239999999999999;-0.16885788795554713
-0.9229999999999999;-0.17141047093953266
-0.9219999999999999;-0.17392307122149187
-0.9209999999999999;-0.17639617154079656
-0.9199999999999999;-0.1788302492685171
-0.9189999999999999;-0.1812257764615639
-0.9179999999999999;-0.18358321991633053
-0.9169999999999999;-0.1859030412218592
-0.9159999999999999;-0.18818569681251862
-0.9149999999999999;-0.19043163802020824
-0.9139999999999999;-0.19264131112608462
-0.9129999999999999;-0.1948151574118232
-0.9119999999999999;-0.19695361321040694
-0.9109999999999999;-0.19905710995645942
-0.9099999999999999;-0.20112607423611262
-0.9089999999999999;-0.2031609278364267
-0.9079999999999999;-0.20516208779435108
-0.9069999999999999;-0.20712996644524428
-0.9059999999999999;-0.20906497147094583
-0.9049999999999999;-0.21096750594740987
-0.9039999999999999;-0.2128379683919005
-0.9029999999999999;-0.2146767528097553
-0.9019999999999999;-0.21648424874071848
-0.9009999999999999;-0.21826084130484769
-0.8999999999999999;-0.22000691124799954
-0.8989999999999999;-0.22172283498689405
-0.8979999999999999;-0.22340898465376513
-0.8969999999999999;-0.22506572814059655
-0.8959999999999999;-0.2266934291429532
-0.8949999999999999;-0.2282924472034008
-0.8939999999999999;-0.22986313775452893
-0.8929999999999999;-0.2314058521615724
-0.8919999999999999;-0.23292093776463685
-0.8909999999999999;-0.23440873792053385
-0.8899999999999999;-0.2358695920442243
-0.8889999999999999;-0.2373038356498799
-0.8879999999999999;-0.23871180039155693
-0.8869999999999999;-0.24009381410349517
-0.8859999999999999;-0.2414502008400372
-0.8849999999999999;-0.24278128091517692
-0.8839999999999999;-0.24408737094173638
-0.8829999999999999;-0.2453687838701757
-0.8819999999999999;-0.2466258290270409
-0.8809999999999999;-0.24785881215304717
-0.8799999999999999;-0.24906803544080913
-0.8789999999999999;-0.25025379757221067
-0.8779999999999999;-0.25141639375542846
-0.8769999999999999;-0.25255611576160064
-0.8759999999999999;-0.25367325196115664
-0.8749999999999999;-0.2547680873597954
-0.8739999999999999;-0.2558409036341299
-0.8729999999999999;-0.2568919791669926
-0.8719999999999999;-0.2579215890824037
-0.8709999999999999;-0.25893000528021126
-0.8699999999999999;-0.2599174964704004
-0.8689999999999999;-0.26088432820707674
-0.8679999999999999;-0.2618307629221255
-0.8669999999999999;-0.2627570599585516
-0.8659999999999999;-0.26366347560350123
-0.8649999999999999;-0.26455026312096774
-0.8639999999999999;-0.2654176727841838
-0.8629999999999999;-0.2662659519077065
-0.8619999999999999;-0.26709534487919284
-0.8609999999999999;-0.267906093190871
-0.8599999999999999;-0.2686984354707108
-0.8589999999999999;-0.26947260751329094
-0.8579999999999999;-0.27022884231037525
-0.8569999999999999;-0.2709673700811883
-0.8559999999999999;-0.27168841830240364
-0.8549999999999999;-0.2723922117378399
-0.8539999999999999;-0.2730789724678717
-0.8529999999999999;-0.27374891991855477
-0.8519999999999999;-0.2744022708904692
-0.8509999999999999;-0.2750392395872847
-0.8499999999999999;-0.27566003764404645
-0.8489999999999999;-0.27626487415518775
-0.8479999999999999;-0.27685395570226834
-0.8469999999999999;-0.27742748638144554
-0.8459999999999999;-0.2779856678306748
-0.8449999999999999;-0.2785286992566457
-0.8439999999999999;-0.27905677746145763
-0.8429999999999999;-0.27957009686902756
-0.8419999999999999;-0.2800688495512471
-0.8409999999999999;-0.28055322525387905
-0.8399999999999999;-0.2810234114222002
-0.8389999999999999;-0.2814795932263927
-0.8379999999999999;-0.28192195358668504
-0.8369999999999999;-0.2823506731982466
-0.8359999999999999;-0.2827659305558361
-0.8349999999999999;-0.28316790197820696
-0.8339999999999999;-0.28355676163227106
-0.8329999999999999;-0.28393268155702467
-0.8319999999999999;-0.2842958316872357
-0.8309999999999998;-0.28464637987689856
-0.8299999999999998;-0.28498449192245356
-0.8289999999999998;-0.28531033158577734
-0.8279999999999998;-0.28562406061694456
-0.8269999999999998;-0.2859258387767619
-0.8259999999999998;-0.28621582385907873
-0.8249999999999998;-0.2864941717128733
-0.8239999999999998;-0.2867610362641204
-0.8229999999999998;-0.2870165695374388
-0.8219999999999998;-0.28726092167752104
-0.8209999999999998;-0.28749424097035203
-0.8199999999999998;-0.28771667386420874
-0.8189999999999998;-0.2879283649904556
-0.8179999999999998;-0.28812945718412497
-0.8169999999999998;-0.2883200915042926
-0.8159999999999998;-0.28850040725424897
-0.8149999999999998;-0.2886705420014638
-0.8139999999999998;-0.2888306315973518
-0.8129999999999998;-0.2889808101968353
-0.8119999999999998;-0.2891212102777122
-0.8109999999999998;-0.2892519626598248
-0.8099999999999998;-0.2893731965240329
-0.8089999999999998;-0.2894850394309989
-0.8079999999999998;-0.28958761733977556
-0.8069999999999998;-0.2896810546262092
-0.8059999999999998;-0.2897654741011515
-0.8049999999999998;-0.2898409970284881
-0.8039999999999998;-0.28990774314297985
-0.8029999999999998;-0.28996583066792525
-0.8019999999999998;-0.29001537633263685
-0.8009999999999998;-0.2900564953897419
-0.7999999999999998;-0.29008930163230473
-0.7989999999999998;-0.2901139074107718
-0.7979999999999998;-0.2901304236497422
-0.7969999999999998;-0.2901389598645647
-0.7959999999999998;-0.29013962417776773
-0.7949999999999998;-0.2901325233353109
-0.7939999999999998;-0.29011776272267786
-0.7929999999999998;-0.29009544638079565
-0.7919999999999998;-0.29006567702178965
-0.7909999999999998;-0.2900285560445799
-0.7899999999999998;-0.2899841835503072
-0.7889999999999998;-0.2899326583576056
-0.7879999999999998;-0.28987407801771203
-0.7869999999999998;-0.28980853882941715
-0.7859999999999998;-0.28973613585386415
-0.7849999999999998;-0.2896569629291874
-0.7839999999999998;-0.2895711126850037
-0.7829999999999998;-0.289478676556744
-0.7819999999999998;-0.28937974479984097
-0.7809999999999998;-0.28927440650376546
-0.7799999999999998;-0.2891627496059127
-0.7789999999999998;-0.28904486090534487
-0.7779999999999998;-0.28892082607638814
-0.7769999999999998;-0.2887907296820844
-0.7759999999999998;-0.28865465518750244
-0.7749999999999998;-0.2885126849729067
-0.7739999999999998;-0.28836490034678663
-0.7729999999999998;-0.2882113815587487
-0.7719999999999998;-0.2880522078122696
-0.7709999999999998;-0.2878874572773138
-0.7699999999999998;-0.28771720710281834
-0.7689999999999998;-0.28754153342904165
-0.7679999999999998;-0.2873605113997826
-0.7669999999999998;-0.2871742151744672
-0.7659999999999998;-0.2869827179401061
-0.7649999999999998;-0.28678609192312543
-0.7639999999999998;-0.28658440840106614
-0.7629999999999998;-0.2863777377141632
-0.7619999999999998;-0.2861661492767954
-0.7609999999999998;-0.285949711588814
-0.7599999999999998;-0.28572849224674723
-0.7589999999999998;-0.28550255795488655
-0.7579999999999998;-0.2852719745362493
-0.7569999999999998;-0.2850368069434246
-0.7559999999999998;-0.2847971192693015
-0.7549999999999998;-0.28455297475767904
-0.7539999999999998;-0.28430443581376263
-0.7529999999999998;-0.2840515640145441
-0.7519999999999998;-0.2837944201190702
-0.7509999999999998;-0.28353306407859824
-0.7499999999999998;-0.2832675550466397
-0.7489999999999998;-0.2829979513888945
-0.7479999999999998;-0.2827243106930769
-0.7469999999999998;-0.28244668977863296
-0.7459999999999998;-0.2821651447063499
-0.7449999999999998;-0.2818797307878609
-0.7439999999999998;-0.28159050259504537
-0.7429999999999998;-0.2812975139693249
-0.7419999999999998;-0.28100081803085475
-0.7409999999999998;-0.2807004671876172
-0.7399999999999998;-0.2803965131444097
-0.7389999999999998;-0.2800890069117371
-0.7379999999999998;-0.27977799881460297
-0.7369999999999998;-0.27946353850120254
-0.7359999999999998;-0.27914567495152043
-0.7349999999999998;-0.2788244564858311
-0.7339999999999998;-0.2784999307731042
-0.7329999999999998;-0.27817214483931796
-0.7319999999999998;-0.27784114507567514
-0.7309999999999998;-0.277506977246732
-0.7299999999999998;-0.2771696864984309
-0.7289999999999998;-0.27682931736604655
-0.7279999999999998;-0.27648591378203924
-0.7269999999999998;-0.2761395190838235
-0.7259999999999998;-0.2757901760214434
-0.7249999999999998;-0.27543792676516754
-0.7239999999999998;-0.27508281291299164
-0.7229999999999998;-0.2747248754980611
-0.7219999999999998;-0.2743641549960055
-0.7209999999999998;-0.27400069133219207
-0.7199999999999998;-0.2736345238888952
-0.7189999999999998;-0.27326569151238456
-0.7179999999999997;-0.2728942325199323
-0.7169999999999997;-0.27252018470673967
-0.7159999999999997;-0.2721435853527846
-0.7149999999999997;-0.27176447122959113
-0.7139999999999997;-0.2713828786069189
-0.7129999999999997;-0.2709988432593796
-0.7119999999999997;-0.2706124004729732
-0.7109999999999997;-0.27022358505155086
-0.7099999999999997;-0.26983243132320234
-0.7089999999999997;-0.2694389731465704
-0.7079999999999997;-0.2690432439170912
-0.7069999999999997;-0.2686452765731625
-0.7059999999999997;-0.26824510360223985
-0.7049999999999997;-0.26784275704686245
-0.7039999999999997;-0.2674382685106088
-0.7029999999999997;-0.267031669163982
-0.7019999999999997;-0.26662298975022625
-0.7009999999999997;-0.26621226059107694
-0.6999999999999997;-0.2657995115924422
-0.6989999999999997;-0.26538477225001555
-0.6979999999999997;-0.2649680716548274
-0.6969999999999997;-0.2645494384987265
-0.6959999999999997;-0.2641289010797999
-0.6949999999999997;-0.2637064873077274
-0.6939999999999997;-0.2632822247090726
-0.6929999999999997;-0.2628561404325126
-0.6919999999999997;-0.2624282612540034
-0.6909999999999997;-0.2619986135818868
-0.6899999999999997;-0.26156722346193373
-0.6889999999999997;-0.2611341165823303
-0.6879999999999997;-0.26069931827860116
-0.6869999999999997;-0.26026285353847767
-0.6859999999999997;-0.25982474700670355
-0.6849999999999997;-0.2593850229897873
-0.6839999999999997;-0.2589437054606957
-0.6829999999999997;-0.25850081806348846
-0.6819999999999997;-0.25805638411790166
-0.6809999999999997;-0.257610426623873
-0.6799999999999997;-0.25716296826601204
-0.6789999999999997;-0.2567140314180192
-0.6779999999999997;-0.2562636381470478
-0.6769999999999997;-0.2558118102180159
-0.6759999999999997;-0.25535856909786403
-0.6749999999999997;-0.25490393595976235
-0.6739999999999997;-0.2544479316872651
-0.6729999999999997;-0.25399057687841653
-0.6719999999999997;-0.25353189184980407
-0.6709999999999997;-0.2530718966405636
-0.6699999999999997;-0.2526106110163354
-0.6689999999999997;-0.2521480544731711
-0.6679999999999997;-0.25168424624139263
-0.6669999999999997;-0.2512192052894041
-0.6659999999999997;-0.2507529503274558
-0.6649999999999997;-0.25028549981136317
-0.6639999999999997;-0.2498168719461772
-0.6629999999999997;-0.24934708468981304
-0.6619999999999997;-0.24887615575662958
-0.6609999999999997;-0.24840410262096713
-0.6599999999999997;-0.24793094252064096
-0.6589999999999997;-0.24745669246038937
-0.6579999999999997;-0.2469813692152808
-0.6569999999999997;-0.24650498933407716
-0.6559999999999997;-0.2460275691425554
-0.6549999999999997;-0.24554912474678725
-0.6539999999999997;-0.24506967203637786
-0.6529999999999997;-0.24458922668766236
-0.6519999999999997;-0.24410780416686617
-0.6509999999999997;-0.24362541973321838
-0.6499999999999997;-0.24314208844203422
-0.6489999999999997;-0.24265782514775025
-0.6479999999999997;-0.2421726445069281
-0.6469999999999997;-0.24168656098121355
-0.6459999999999997;-0.24119958884026427
-0.6449999999999997;-0.24071174216463442
-0.6439999999999997;-0.24022303484862728
-0.6429999999999997;-0.23973348060310706
-0.6419999999999997;-0.2392430929582785
-0.6409999999999997;-0.2387518852664272
-0.6399999999999997;-0.23825987070462873
-0.6389999999999997;-0.23776706227741817
-0.6379999999999997;-0.23727347281942923
-0.6369999999999997;-0.2367791149979973
-0.6359999999999997;-0.23628400131572824
-0.6349999999999997;-0.23578814411303584
-0.6339999999999997;-0.23529155557064474
-0.6329999999999997;-0.23479424771206137
-0.6319999999999997;-0.23429623240601138
-0.6309999999999997;-0.23379752136884824
-0.6299999999999997;-0.2332981261669269
-0.6289999999999997;-0.2327980582189486
-0.6279999999999997;-0.23229732879827358
-0.6269999999999997;-0.23179594903520473
-0.6259999999999997;-0.2312939299192398
-0.6249999999999997;-0.23079128230129464
-0.6239999999999997;-0.2302880168958965
-0.6229999999999997;-0.22978414428334948
-0.6219999999999997;-0.22927967491186918
-0.6209999999999997;-0.2287746190996911
-0.6199999999999997;-0.22826898703714993
-0.6189999999999997;-0.2277627887887309
-0.6179999999999997;-0.2272560342950941
-0.6169999999999997;-0.22674873337507218
-0.6159999999999997;-0.2262408957276394
-0.6149999999999997;-0.22573253093385703
-0.6139999999999997;-0.22522364845879028
-0.6129999999999997;-0.22471425765340003
-0.6119999999999997;-0.2242043677564095
-0.6109999999999997;-0.22369398789614547
-0.6099999999999997;-0.22318312709235288
-0.6089999999999997;-0.22267179425798844
-0.6079999999999997;-0.2221599982009861
-0.6069999999999997;-0.22164774762600037
-0.6059999999999997;-0.22113505113612542
-0.6049999999999996;-0.22062191723459035
-0.6039999999999996;-0.2201083543264325
-0.6029999999999996;-0.21959437072014454
-0.6019999999999996;-0.21907997462930462
-0.6009999999999996;-0.21856517417417665
-0.5999999999999996;-0.218049977383295
-0.5989999999999996;-0.2175343921950238
-0.5979999999999996;-0.21701842645909486
-0.5969999999999996;-0.21650208793812575
-0.5959999999999996;-0.21598538430911451
-0.5949999999999996;-0.21546832316491615
-0.5939999999999996;-0.21495091201569583
-0.5929999999999996;-0.21443315829036325
-0.5919999999999996;-0.21391506933798687
-0.5909999999999996;-0.21339665242918815
-0.5899999999999996;-0.2128779147575146
-0.5889999999999996;-0.21235886344079657
-0.5879999999999996;-0.21183950552248143
-0.5869999999999996;-0.21131984797295156
-0.5859999999999996;-0.21079989769082152
-0.5849999999999996;-0.21027966150421806
-0.5839999999999996;-0.2097591461720425
-0.5829999999999996;-0.20923835838521143
-0.5819999999999996;-0.20871730476788508
-0.5809999999999996;-0.20819599187867366
-0.5799999999999996;-0.20767442621182808
-0.5789999999999996;-0.20715261419841324
-0.5779999999999996;-0.2066305622074649
-0.5769999999999996;-0.20610827654712838
-0.5759999999999996;-0.20558576346578294
-0.5749999999999996;-0.2050630291531469
-0.5739999999999996;-0.20454007974136945
-0.5729999999999996;-0.20401692130610505
-0.5719999999999996;-0.20349355986757167
-0.5709999999999996;-0.20297000139159538
-0.5699999999999996;-0.2024462517906369
-0.5689999999999996;-0.20192231692480578
-0.5679999999999996;-0.20139820260285712
-0.5669999999999996;-0.2008739145831756
-0.5659999999999996;-0.20034945857474307
-0.5649999999999996;-0.19982484023809366
-0.5639999999999996;-0.19930006518625243
-0.5629999999999996;-0.19877513898566213
-0.5619999999999996;-0.19825006715709448
-0.5609999999999996;-0.1977248551765488
-0.5599999999999996;-0.19719950847613588
-0.5589999999999996;-0.1966740324449502
-0.5579999999999996;-0.19614843242992774
-0.5569999999999996;-0.1956227137366907
-0.5559999999999996;-0.19509688163037953
-0.5549999999999996;-0.19457094133647412
-0.5539999999999996;-0.19404489804159775
-0.5529999999999996;-0.1935187568943152
-0.5519999999999996;-0.1929925230059122
-0.5509999999999996;-0.19246620145116755
-0.5499999999999996;-0.19193979726911103
-0.5489999999999996;-0.19141331546376994
-0.5479999999999996;-0.19088676100490387
-0.5469999999999996;-0.19036013882872949
-0.5459999999999996;-0.18983345383863104
-0.5449999999999996;-0.18930671090586415
-0.5439999999999996;-0.18877991487024348
-0.5429999999999996;-0.18825307054082252
-0.5419999999999996;-0.18772618269656405
-0.5409999999999996;-0.18719925608699517
-0.5399999999999996;-0.18667229543285702
-0.5389999999999996;-0.1861453054267419
-0.5379999999999996;-0.18561829073371827
-0.5369999999999996;-0.18509125599195053
-0.5359999999999996;-0.1845642058133038
-0.5349999999999996;-0.1840371447839425
-0.5339999999999996;-0.18351007746491765
-0.5329999999999996;-0.1829830083927444
-0.5319999999999996;-0.18245594207997184
-0.5309999999999996;-0.18192888301574117
-0.5299999999999996;-0.18140183566633705
-0.5289999999999996;-0.1808748044757278
-0.5279999999999996;-0.18034779386609834
-0.5269999999999996;-0.17982080823837399
-0.5259999999999996;-0.17929385197273484
-0.5249999999999996;-0.1787669294291202
-0.5239999999999996;-0.1782400449477307
-0.5229999999999996;-0.17771320284951397
-0.5219999999999996;-0.17718640743664693
-0.5209999999999996;-0.17665966299300884
-0.5199999999999996;-0.17613297378464798
-0.5189999999999996;-0.1756063440602359
-0.5179999999999996;-0.1750797780515192
-0.5169999999999996;-0.17455327997376013
-0.5159999999999996;-0.17402685402617135
-0.5149999999999996;-0.17350050439234166
-0.5139999999999996;-0.17297423524065603
-0.5129999999999996;-0.17244805072470726
-0.5119999999999996;-0.17192195498370122
-0.5109999999999996;-0.1713959521428533
-0.5099999999999996;-0.17087004631378033
-0.5089999999999996;-0.17034424159488404
-0.5079999999999996;-0.16981854207172797
-0.5069999999999996;-0.16929295181740744
-0.5059999999999996;-0.16876747489291377
-0.5049999999999996;-0.16824211534749078
-0.5039999999999996;-0.16771687721898632
-0.5029999999999996;-0.16719176453419582
-0.5019999999999996;-0.16666678130920065
-0.5009999999999996;-0.16614193154970036
-0.49999999999999956;-0.16561721925133743
-0.49899999999999956;-0.1650926484000187
-0.49799999999999955;-0.16456822297222795
-0.49699999999999955;-0.16404394693533375
-0.49599999999999955;-0.1635198242478929
-0.49499999999999955;-0.16299585885994605
-0.49399999999999955;-0.16247205471330917
-0.49299999999999955;-0.16194841574185848
-0.49199999999999955;-0.16142494587181133
-0.49099999999999955;-0.16090164902199922
-0.48999999999999955;-0.16037852910413886
-0.48899999999999955;-0.15985559002309535
-0.48799999999999955;-0.15933283567714107
-0.48699999999999954;-0.1588102699582098
-0.48599999999999954;-0.1582878967521455
-0.48499999999999954;-0.15776571993894561
-0.48399999999999954;-0.15724374339300184
-0.48299999999999954;-0.15672197098333163
-0.48199999999999954;-0.15620040657381007
-0.48099999999999954;-0.15567905402339366
-0.47999999999999954;-0.15515791718634064
-0.47899999999999954;-0.1546369999124262
-0.47799999999999954;-0.15411630604715487
-0.47699999999999954;-0.15359583943196609
-0.47599999999999953;-0.15307560390443686
-0.47499999999999953;-0.15255560329848084
-0.47399999999999953;-0.15203584144454074
-0.47299999999999953;-0.15151632216977917
-0.47199999999999953;-0.1509970492982644
-0.47099999999999953;-0.15047802665115118
-0.46999999999999953;-0.14995925804685795
-0.46899999999999953;-0.14944074730124213
-0.4679999999999995;-0.14892249822776882
-0.4669999999999995;-0.1484045146376769
-0.4659999999999995;-0.14788680034014068
-0.4649999999999995;-0.14736935914242932
-0.4639999999999995;-0.1468521948500615
-0.4629999999999995;-0.14633531126695531
-0.4619999999999995;-0.14581871219557796
-0.4609999999999995;-0.14530240143708806
-0.4599999999999995;-0.1447863827914776
-0.4589999999999995;-0.1442706600577076
-0.4579999999999995;-0.14375523703384474
-0.4569999999999995;-0.14324011751718857
-0.4559999999999995;-0.14272530530440108
-0.4549999999999995;-0.14221080419163035
-0.4539999999999995;-0.1416966179746314
-0.4529999999999995;-0.14118275044888362
-0.4519999999999995;-0.14066920540970562
-0.4509999999999995;-0.1401559866523674
-0.4499999999999995;-0.13964309797219876
-0.4489999999999995;-0.13913054316469486
-0.4479999999999995;-0.1386183260256192
-0.4469999999999995;-0.13810645035110314
-0.4459999999999995;-0.13759491993774442
-0.4449999999999995;-0.13708373858269962
-0.4439999999999995;-0.1365729100837776
-0.4429999999999995;-0.13606243823952702
-0.4419999999999995;-0.13555232684932284
-0.4409999999999995;-0.13504257971345124
-0.4399999999999995;-0.13453320063318897
-0.4389999999999995;-0.13402419341088234
-0.4379999999999995;-0.13351556185002433
-0.4369999999999995;-0.13300730975532615
-0.4359999999999995;-0.13249944093278976
-0.4349999999999995;-0.13199195918977646
-0.4339999999999995;-0.13148486833507222
-0.4329999999999995;-0.13097817217895258
-0.4319999999999995;-0.13047187453324371
-0.4309999999999995;-0.1299659792113823
-0.4299999999999995;-0.12946049002847237
-0.4289999999999995;-0.12895541080134032
-0.4279999999999995;-0.12845074534858703
-0.4269999999999995;-0.1279464974906407
-0.4259999999999995;-0.12744267104980234
-0.4249999999999995;-0.12693926985029425
-0.4239999999999995;-0.12643629771830356
-0.4229999999999995;-0.12593375848202604
-0.4219999999999995;-0.12543165597170391
-0.4209999999999995;-0.12492999401966709
-0.4199999999999995;-0.12442877646036699
-0.4189999999999995;-0.12392800713041396
-0.4179999999999995;-0.12342768986860753
-0.4169999999999995;-0.12292782851596906
-0.4159999999999995;-0.12242842691576972
-0.4149999999999995;-0.1219294889135577
-0.4139999999999995;-0.12143101835718495
-0.4129999999999995;-0.12093301909682941
-0.4119999999999995;-0.12043549498501838
-0.4109999999999995;-0.11993844987664792
-0.4099999999999995;-0.11944188762900154
-0.4089999999999995;-0.11894581210176847
-0.4079999999999995;-0.11845022715705666
-0.4069999999999995;-0.11795513665940982
-0.4059999999999995;-0.11746054447581655
-0.40499999999999947;-0.1169664544757234
-0.40399999999999947;-0.11647287053104205
-0.40299999999999947;-0.11597979651615886
-0.40199999999999947;-0.11548723630794022
-0.40099999999999947;-0.11499519378573653
-0.39999999999999947;-0.11450367283138596
-0.39899999999999947;-0.11401267732921772
-0.39799999999999947;-0.11352221116605032
-0.39699999999999946;-0.11303227823119233
-0.39599999999999946;-0.11254288241643784
-0.39499999999999946;-0.11205402761606664
-0.39399999999999946;-0.11156571772683543
-0.39299999999999946;-0.1110779566479736
-0.39199999999999946;-0.11059074828117499
-0.39099999999999946;-0.11010409653058972
-0.38999999999999946;-0.10961800530281396
-0.38899999999999946;-0.10913247850687768
-0.38799999999999946;-0.10864752005423395
-0.38699999999999946;-0.10816313385874343
-0.38599999999999945;-0.10767932383666079
-0.38499999999999945;-0.10719609390661855
-0.38399999999999945;-0.1067134479896088
-0.38299999999999945;-0.10623139000896653
-0.38199999999999945;-0.10574992389034943
-0.38099999999999945;-0.10526905356171679
-0.37999999999999945;-0.10478878295330996
-0.37899999999999945;-0.1043091159976266
-0.37799999999999945;-0.10383005662940015
-0.37699999999999945;-0.10335160878557359
-0.37599999999999945;-0.10287377640527295
-0.37499999999999944;-0.10239656342978254
-0.37399999999999944;-0.10191997380251516
-0.37299999999999944;-0.10144401146898596
-0.37199999999999944;-0.10096868037677975
-0.37099999999999944;-0.10049398447552227
-0.36999999999999944;-0.10001992771684876
-0.36899999999999944;-0.0995465140543712
-0.36799999999999944;-0.09907374744364328
-0.36699999999999944;-0.09860163184212933
-0.36599999999999944;-0.09813017120916656
-0.36499999999999944;-0.09765936950593013
-0.36399999999999944;-0.09718923069539598
-0.36299999999999943;-0.09671975874230299
-0.36199999999999943;-0.09625095761311564
-0.36099999999999943;-0.09578283127598186
-0.35999999999999943;-0.09531538370069648
-0.35899999999999943;-0.09484861885865725
-0.35799999999999943;-0.09438254072282448
-0.35699999999999943;-0.0939171532676778
-0.35599999999999943;-0.0934524604691741
-0.3549999999999994;-0.09298846630470137
-0.3539999999999994;-0.09252517475303668
-0.3529999999999994;-0.09206258979429727
-0.3519999999999994;-0.091600715409897
-0.3509999999999994;-0.09113955558249864
-0.3499999999999994;-0.09067911429596553
-0.3489999999999994;-0.09021939553531333
-0.3479999999999994;-0.08976040328666168
-0.3469999999999994;-0.08930214153718363
-0.3459999999999994;-0.08884461427505619
-0.3449999999999994;-0.08838782548940771
-0.3439999999999994;-0.08793177917026818
-0.3429999999999994;-0.08747647930851465
-0.3419999999999994;-0.08702192989582047
-0.3409999999999994;-0.0865681349245998
-0.3399999999999994;-0.08611509838795517
-0.3389999999999994;-0.08566282427962024
-0.3379999999999994;-0.08521131659390757
-0.3369999999999994;-0.08476057932564995
-0.3359999999999994;-0.08431061647014537
-0.3349999999999994;-0.08386143202309826
-0.3339999999999994;-0.08341302998056443
-0.3329999999999994;-0.0829654143388896
-0.3319999999999994;-0.08251858909465382
-0.3309999999999994;-0.08207255824460946
-0.3299999999999994;-0.08162732578562282
-0.3289999999999994;-0.08118289571461346
-0.3279999999999994;-0.08073927202849274
-0.3269999999999994;-0.08029645872410363
-0.3259999999999994;-0.07985445979815764
-0.3249999999999994;-0.07941327924717256
-0.3239999999999994;-0.07897292106741005
-0.3229999999999994;-0.07853338925481257
-0.3219999999999994;-0.07809468780493789
-0.3209999999999994;-0.07765682071289715
-0.3199999999999994;-0.07721979197328799
-0.3189999999999994;-0.07678360558012964
-0.3179999999999994;-0.07634826552679974
-0.3169999999999994;-0.07591377580596448
-0.3159999999999994;-0.07548014040951412
-0.3149999999999994;-0.07504736332849637
-0.3139999999999994;-0.07461544855304836
-0.3129999999999994;-0.07418440007232818
-0.3119999999999994;-0.07375422187444769
-0.3109999999999994;-0.07332491794640417
-0.3099999999999994;-0.07289649227400985
-0.3089999999999994;-0.07246894884182364
-0.3079999999999994;-0.0720422916330814
-0.3069999999999994;-0.0716165246296252
-0.3059999999999994;-0.07119165181183251
-0.3049999999999994;-0.07076767715854704
-0.3039999999999994;-0.07034460464700532
-0.3029999999999994;-0.06992243825276612
-0.3019999999999994;-0.06950118194963928
-0.3009999999999994;-0.06908083970961054
-0.2999999999999994;-0.06866141550277305
-0.2989999999999994;-0.06824291329725007
-0.2979999999999994;-0.06782533705912608
-0.2969999999999994;-0.06740869075236888
-0.2959999999999994;-0.06699297833875839
-0.2949999999999994;-0.06657820377781176
-0.2939999999999994;-0.06616437102670736
-0.29299999999999937;-0.06575148404021214
-0.29199999999999937;-0.0653395467706056
-0.29099999999999937;-0.0649285631676032
-0.28999999999999937;-0.06451853717828271
-0.28899999999999937;-0.06410947274700562
-0.28799999999999937;-0.06370137381534313
-0.28699999999999937;-0.06329424432199804
-0.28599999999999937;-0.06288808820272895
-0.28499999999999936;-0.062482909390271346
-0.28399999999999936;-0.062078711814263166
-0.28299999999999936;-0.06167549940116468
-0.28199999999999936;-0.06127327607418065
-0.28099999999999936;-0.060872045753184056
-0.27999999999999936;-0.060471812354635834
-0.27899999999999936;-0.06007257979150693
-0.27799999999999936;-0.059674351973200146
-0.27699999999999936;-0.059277132805469646
-0.27599999999999936;-0.058880926190343574
-0.27499999999999936;-0.05848573602604079
-0.27399999999999936;-0.05809156620689737
-0.27299999999999935;-0.05769842062327957
-0.27199999999999935;-0.05730630316150964
-0.27099999999999935;-0.056915217703781384
-0.26999999999999935;-0.056525168128082615
-0.26899999999999935;-0.05613615830811136
-0.26799999999999935;-0.05574819211319837
-0.26699999999999935;-0.055361273408223055
-0.26599999999999935;-0.05497540605353346
-0.26499999999999935;-0.05459059390486498
-0.26399999999999935;-0.05420684081325855
-0.26299999999999935;-0.053824150624978806
-0.26199999999999934;-0.053442527181432053
-0.26099999999999934;-0.05306197431908444
-0.25999999999999934;-0.052682495869378565
-0.25899999999999934;-0.05230409565865324
-0.25799999999999934;-0.051926777508059074
-0.25699999999999934;-0.05155054523347635
-0.25599999999999934;-0.05117540264543197
-0.25499999999999934;-0.05080135354901738
-0.25399999999999934;-0.05042840174380403
-0.25299999999999934;-0.05005655102376172
-0.25199999999999934;-0.0496858051771738
-0.25099999999999933;-0.049316167986554804
-0.24999999999999933;-0.04894764322856626
-0.24899999999999933;-0.04858023467393324
-0.24799999999999933;-0.048213946087360626
-0.24699999999999933;-0.047848781227448844
-0.24599999999999933;-0.04748474384661061
-0.24499999999999933;-0.04712183769098621
-0.24399999999999933;-0.04676006650035924
-0.24299999999999933;-0.046399434008073226
-0.24199999999999933;-0.04603994394094646
-0.24099999999999933;-0.045681600019188084
-0.23999999999999932;-0.04532440595631293
-0.23899999999999932;-0.04496836545905791
-0.23799999999999932;-0.04461348222729655
-0.23699999999999932;-0.04425975995395537
-0.23599999999999932;-0.04390720232492784
-0.23499999999999932;-0.043555813018990586
-0.23399999999999932;-0.043205595707718536
-0.23299999999999932;-0.04285655405539901
-0.23199999999999932;-0.04250869171894778
-0.23099999999999932;-0.042162012347824906
-0.22999999999999932;-0.04181651958394761
-0.22899999999999932;-0.04147221706160642
-0.22799999999999931;-0.04112910840738071
-0.2269999999999993;-0.04078719724005264
-0.2259999999999993;-0.040446487170523016
-0.2249999999999993;-0.040106981801724784
-0.2239999999999993;-0.03976868472853956
-0.2229999999999993;-0.03943159953771169
-0.2219999999999993;-0.0390957298077631
-0.2209999999999993;-0.038761079108908136
-0.2199999999999993;-0.038427651002968854
-0.2189999999999993;-0.038095449043289764
-0.2179999999999993;-0.03776447677465278
-0.2169999999999993;-0.037434737733191836
-0.2159999999999993;-0.037106235446308866
-0.2149999999999993;-0.03677897343258718
-0.2139999999999993;-0.03645295520170788
-0.2129999999999993;-0.036128184254363926
-0.2119999999999993;-0.035804664082175974
-0.2109999999999993;-0.0354823981676079
-0.2099999999999993;-0.035161389983879854
-0.2089999999999993;-0.03484164299488601
-0.2079999999999993;-0.03452316065510863
-0.2069999999999993;-0.03420594640953345
-0.2059999999999993;-0.03389000369356476
-0.2049999999999993;-0.0335753359329416
-0.2039999999999993;-0.03326194654365322
-0.2029999999999993;-0.03294983893185388
-0.2019999999999993;-0.032639016493779205
-0.2009999999999993;-0.03232948261566215
-0.1999999999999993;-0.032021240673647644
-0.1989999999999993;-0.031714294033709955
-0.1979999999999993;-0.031408646051568456
-0.1969999999999993;-0.03110430007260201
-0.19599999999999929;-0.030801259431768035
-0.19499999999999929;-0.030499527453516362
-0.19399999999999928;-0.03019910745170673
-0.19299999999999928;-0.029900002729525754
-0.19199999999999928;-0.02960221657940232
-0.19099999999999928;-0.02930575228292487
-0.18999999999999928;-0.029010613110759365
-0.18899999999999928;-0.028716802322565016
-0.18799999999999928;-0.028424323166911125
-0.18699999999999928;-0.02813317888119571
-0.18599999999999928;-0.02784337269156223
-0.18499999999999928;-0.02755490781281611
-0.18399999999999928;-0.02726778744834535
-0.18299999999999927;-0.026982014790035147
-0.18199999999999927;-0.02669759301818697
-0.18099999999999927;-0.02641452530143773
-0.17999999999999927;-0.02613281479667684
-0.17899999999999927;-0.025852464648966067
-0.17799999999999927;-0.02557347799145615
-0.17699999999999927;-0.025295857945307088
-0.17599999999999927;-0.025019607619607975
-0.17499999999999927;-0.0247447301112933
-0.17399999999999927;-0.024471228505065
-0.17299999999999927;-0.02419910587331142
-0.17199999999999926;-0.023928365276025598
-0.17099999999999926;-0.023659009760727212
-0.16999999999999926;-0.023391042362381764
-0.16899999999999926;-0.02312446610331964
-0.16799999999999926;-0.022859283993160173
-0.16699999999999926;-0.02259549902872804
-0.16599999999999926;-0.022333114193977877
-0.16499999999999926;-0.02207213245991313
-0.16399999999999926;-0.021812556784508996
-0.16299999999999926;-0.02155439011263227
-0.16199999999999926;-0.021297635375965185
-0.16099999999999925;-0.02104229549292691
-0.15999999999999925;-0.02078837336859407
-0.15899999999999925;-0.020535871894627022
-0.15799999999999925;-0.020284793949188584
-0.15699999999999925;-0.020035142396869543
-0.15599999999999925;-0.019786920088611604
-0.15499999999999925;-0.019540129861631228
-0.15399999999999925;-0.019294774539342474
-0.15299999999999925;-0.019050856931281612
-0.15199999999999925;-0.01880837983303174
-0.15099999999999925;-0.018567346026146736
-0.14999999999999925;-0.018327758278077422
-0.14899999999999924;-0.01808961934209552
-0.14799999999999924;-0.017852931957219043
-0.14699999999999924;-0.017617698848140018
-0.14599999999999924;-0.017383922725146883
-0.14499999999999924;-0.017151606284054655
-0.14399999999999924;-0.01692075220612943
-0.14299999999999924;-0.016691363158016004
-0.14199999999999924;-0.016463441791664035
-0.14099999999999924;-0.016236990744257662
-0.13999999999999924;-0.01601201263814067
-0.13899999999999924;-0.01578851008074722
-0.13799999999999923;-0.01556648566452934
-0.13699999999999923;-0.015345941966884213
-0.13599999999999923;-0.015126881550086124
-0.13499999999999923;-0.014909306961213509
-0.13399999999999923;-0.014693220732079681
-0.13299999999999923;-0.014478625379164667
-0.13199999999999923;-0.014265523403540925
-0.13099999999999923;-0.01405391729081018
-0.12999999999999923;-0.013843809511029925
-0.12899999999999923;-0.013635202518647027
-0.12799999999999923;-0.013428098752429452
-0.12699999999999922;-0.013222500635396872
-0.12599999999999922;-0.01301841057475639
-0.12499999999999922;-0.012815830961832364
-0.12399999999999922;-0.01261476417200147
-0.12299999999999922;-0.01241521256462541
-0.12199999999999922;-0.01221717848298598
-0.12099999999999922;-0.012020664254217994
-0.11999999999999922;-0.011825672189246572
-0.11899999999999922;-0.011632204582719075
-0.11799999999999922;-0.011440263712943488
-0.11699999999999922;-0.011249851841822811
-0.11599999999999921;-0.01106097121479177
-0.11499999999999921;-0.010873624060753873
-0.11399999999999921;-0.010687812592018675
-0.11299999999999921;-0.010503539004238394
-0.11199999999999921;-0.010320805476346728
-0.11099999999999921;-0.010139614170497024
-0.10999999999999921;-0.009959967232001432
-0.10899999999999921;-0.009781866789268956
-0.10799999999999921;-0.009605314953746391
-0.1069999999999992;-0.009430313819857927
-0.1059999999999992;-0.009256865464945196
-0.1049999999999992;-0.009084971949208431
-0.1039999999999992;-0.0089146353156484
-0.1029999999999992;-0.0087458575900069
-0.1019999999999992;-0.008578640780710467
-0.1009999999999992;-0.008412986878811535
-0.0999999999999992;-0.008248897857932924
-0.0989999999999992;-0.008086375674210333
-0.0979999999999992;-0.007925422266236826
-0.0969999999999992;-0.007766039555007209
-0.0959999999999992;-0.007608229443862746
-0.0949999999999992;-0.007451993818436864
-0.0939999999999992;-0.007297334546600642
-0.0929999999999992;-0.0071442534784094125
-0.0919999999999992;-0.006992752446049133
-0.09099999999999919;-0.006842833263783321
-0.08999999999999919;-0.006694497727902204
-0.08899999999999919;-0.0065477476166696524
-0.08799999999999919;-0.006402584690271884
-0.08699999999999919;-0.006259010690766842
-0.08599999999999919;-0.006117027342034009
-0.08499999999999919;-0.005976636349724007
-0.08399999999999919;-0.005837839401209299
-0.08299999999999919;-0.0057006381655365645
-0.08199999999999918;-0.005565034293375737
-0.08099999999999918;-0.005431029416974931
-0.07999999999999918;-0.005298625150110703
-0.07899999999999918;-0.0051678230880420895
-0.07799999999999918;-0.00503862480746442
-0.07699999999999918;-0.004911031866463245
-0.07599999999999918;-0.004785045804468813
-0.07499999999999918;-0.004660668142211444
-0.07399999999999918;-0.004537900381676119
-0.07299999999999918;-0.0044167440060609575
-0.07199999999999918;-0.004297200479730479
-0.07099999999999917;-0.004179271248176408
-0.06999999999999917;-0.00406295773797305
-0.06899999999999917;-0.00394826135673676
-0.06799999999999917;-0.003835183493082872
-0.06699999999999917;-0.003723725516587395
-0.06599999999999917;-0.0036138887777458217
-0.06499999999999917;-0.0035056746079328294
-0.06399999999999917;-0.0033990843193645315
-0.06299999999999917;-0.003294119205057955
-0.06199999999999917;-0.0031907805387961785
-0.060999999999999166;-0.0030890695750874775
-0.059999999999999165;-0.002988987549130573
-0.058999999999999164;-0.0028905356767776613
-0.05799999999999916;-0.002793715154498111
-0.05699999999999916;-0.002698527159344044
-0.05599999999999916;-0.0026049728489153656
-0.05499999999999916;-0.002513053361325568
-0.05399999999999916;-0.002422769815167536
-0.05299999999999916;-0.0023341233094815728
-0.05199999999999916;-0.0022471149237220933
-0.05099999999999916;-0.0021617457177264265
-0.049999999999999156;-0.0020780167316826192
-0.048999999999999155;-0.001995928986099571
-0.047999999999999154;-0.001915483481776059
-0.046999999999999154;-0.0018366811997714283
-0.04599999999999915;-0.0017595231013771695
-0.04499999999999915;-0.0016840101280872766
-0.04399999999999915;-0.0016101432015702688
-0.04299999999999915;-0.0015379232236436557
-0.04199999999999915;-0.0014673510762450714
-0.04099999999999915;-0.0013984276214081826
-0.03999999999999915;-0.0013311537012340446
-0.038999999999999146;-0.0012655301378696748
-0.037999999999999146;-0.0012015577334807404
-0.036999999999999145;-0.0011392372702299092
-0.035999999999999144;-0.0010785695102512038
-0.03499999999999914;-0.0010195551956296844
-0.03399999999999914;-0.000962195048378689
-0.03299999999999914;-0.0009064897704167407
-0.03199999999999914;-0.0008524400435492296
-0.03099999999999914;-0.0008000465294457637
-0.02999999999999914;-0.0007493098696226275
-0.028999999999999138;-0.0007002306854210216
-0.027999999999999137;-0.000652809577991631
-0.026999999999999136;-0.0006070471282741963
-0.025999999999999135;-0.0005629438969810829
-0.024999999999999134;-0.0005205004245812939
-0.023999999999999133;-0.00047971723128281685
-0.022999999999999132;-0.0004405948170186358
-0.02199999999999913;-0.0004031336614309655
-0.02099999999999913;-0.00036733422385648584
-0.01999999999999913;-0.00033319694331346295
-0.01899999999999913;-0.0003007222384893149
-0.017999999999999128;-0.00026991050772573466
-0.016999999999999127;-0.00024076212900914218
-0.015999999999999126;-0.00021327745995802783
-0.014999999999999125;-0.00018745683781318245
-0.013999999999999124;-0.0001633005794263731
-0.012999999999999123;-0.0001408089812527935
-0.011999999999999122;-0.00011998231933996184
-0.010999999999999122;-0.00010082084932094837
-0.00999999999999912;-8.33248064061598E-05
-0.00899999999999912;-6.749440537712204E-05
-0.007999999999999119;-5.3329840578486554E-05
-0.006999999999999119;-4.083128591381158E-05
-0.005999999999999119;-2.999889483956686E-05
-0.004999999999999119;-2.083280036047075E-05
-0.003999999999999119;-1.3333115025715436E-05
-0.002999999999999119;-7.499930925636278E-06
-0.001999999999999119;-3.3333196888252203E-06
-0.0009999999999991188;-8.333324803544429E-07
8.81239525796218E-16;0
0.0010000000000008813;-8.333324803544429E-07
0.0020000000000008813;-3.3333196888252203E-06
0.0030000000000008813;-7.499930925636278E-06
0.004000000000000881;-1.3333115025715436E-05
0.005000000000000881;-2.0832800360359727E-05
0.006000000000000881;-2.999889483956686E-05
0.007000000000000881;-4.083128591381158E-05
0.008000000000000881;-5.3329840578486554E-05
0.009000000000000882;-6.749440537689999E-05
0.010000000000000883;-8.332480640627082E-05
0.011000000000000884;-0.00010082084932094837
0.012000000000000885;-0.00011998231933996184
0.013000000000000886;-0.00014080898125290453
0.014000000000000887;-0.00016330057942648413
0.015000000000000888;-0.00018745683781307143
0.01600000000000089;-0.00021327745995813885
0.01700000000000089;-0.0002407621290092532
0.01800000000000089;-0.00026991050772573466
0.01900000000000089;-0.00030072223848953694
0.020000000000000892;-0.00033319694331357397
0.021000000000000893;-0.0003673342238563748
0.022000000000000894;-0.00040313366143107654
0.023000000000000895;-0.0004405948170187468
0.024000000000000896;-0.00047971723128292787
0.025000000000000897;-0.0005205004245814049
0.026000000000000897;-0.0005629438969810829
0.0270000000000009;-0.0006070471282743073
0.0280000000000009;-0.000652809577991742
0.0290000000000009;-0.0007002306854212437
0.0300000000000009;-0.0007493098696227385
0.031000000000000902;-0.0008000465294458747
0.0320000000000009;-0.0008524400435493407
0.033000000000000904;-0.0009064897704167407
0.034000000000000904;-0.0009621950483785779
0.035000000000000905;-0.0010195551956297955
0.036000000000000906;-0.0010785695102514259
0.03700000000000091;-0.0011392372702300202
0.03800000000000091;-0.0012015577334808514
0.03900000000000091;-0.0012655301378697859
0.04000000000000091;-0.0013311537012341557
0.04100000000000091;-0.0013984276214082936
0.04200000000000091;-0.0014673510762452935
0.04300000000000091;-0.0015379232236439888
0.04400000000000091;-0.0016101432015702688
0.045000000000000914;-0.0016840101280873876
0.046000000000000915;-0.0017595231013772805
0.047000000000000916;-0.0018366811997715393
0.04800000000000092;-0.0019154834817762811
0.04900000000000092;-0.001995928986099793
0.05000000000000092;-0.0020780167316828413
0.05100000000000092;-0.0021617457177265376
0.05200000000000092;-0.0022471149237223154
0.05300000000000092;-0.002334123309481795
0.05400000000000092;-0.002422769815167647
0.05500000000000092;-0.00251305336132579
0.056000000000000924;-0.0026049728489156987
0.057000000000000925;-0.002698527159344155
0.058000000000000926;-0.002793715154498222
0.05900000000000093;-0.0028905356767778834
0.06000000000000093;-0.002988987549130684
0.06100000000000093;-0.0030890695750876995
0.06200000000000093;-0.0031907805387964006
0.06300000000000093;-0.003294119205058288
0.06400000000000093;-0.0033990843193646425
0.06500000000000093;-0.0035056746079331624
0.06600000000000093;-0.003613888777746155
0.06700000000000093;-0.003723725516587395
0.06800000000000093;-0.003835183493083094
0.06900000000000094;-0.003948261356736871
0.07000000000000094;-0.004062957737973272
0.07100000000000094;-0.004179271248176519
0.07200000000000094;-0.004297200479730812
0.07300000000000094;-0.0044167440060609575
0.07400000000000094;-0.00453790038167623
0.07500000000000094;-0.004660668142211666
0.07600000000000094;-0.004785045804469257
0.07700000000000094;-0.004911031866463689
0.07800000000000094;-0.005038624807464753
0.07900000000000094;-0.0051678230880423115
0.08000000000000095;-0.005298625150110814
0.08100000000000095;-0.005431029416975153
0.08200000000000095;-0.00556503429337607
0.08300000000000095;-0.005700638165536787
0.08400000000000095;-0.005837839401209521
0.08500000000000095;-0.005976636349724118
0.08600000000000095;-0.006117027342034231
0.08700000000000095;-0.006259010690767064
0.08800000000000095;-0.006402584690271995
0.08900000000000095;-0.0065477476166699855
0.09000000000000095;-0.0066944977279023155
0.09100000000000096;-0.006842833263783432
0.09200000000000096;-0.006992752446049244
0.09300000000000096;-0.0071442534784097456
0.09400000000000096;-0.007297334546600975
0.09500000000000096;-0.007451993818437086
0.09600000000000096;-0.007608229443863079
0.09700000000000096;-0.007766039555007542
0.09800000000000096;-0.007925422266237048
0.09900000000000096;-0.008086375674210666
0.10000000000000096;-0.008248897857933257
0.10100000000000096;-0.008412986878811757
0.10200000000000096;-0.0085786407807108
0.10300000000000097;-0.008745857590007233
0.10400000000000097;-0.008914635315648622
0.10500000000000097;-0.009084971949208764
0.10600000000000097;-0.009256865464945419
0.10700000000000097;-0.00943031381985826
0.10800000000000097;-0.009605314953746724
0.10900000000000097;-0.009781866789269178
0.11000000000000097;-0.009959967232001765
0.11100000000000097;-0.010139614170497357
0.11200000000000097;-0.010320805476347061
0.11300000000000097;-0.010503539004238727
0.11400000000000098;-0.01068781259201912
0.11500000000000098;-0.010873624060754206
0.11600000000000098;-0.011060971214792104
0.11700000000000098;-0.011249851841823144
0.11800000000000098;-0.011440263712943932
0.11900000000000098;-0.011632204582719408
0.12000000000000098;-0.011825672189246905
0.12100000000000098;-0.012020664254218327
0.12200000000000098;-0.012217178482986313
0.12300000000000098;-0.012415212564625855
0.12400000000000098;-0.012614764172001802
0.12500000000000097;-0.012815830961832808
0.12600000000000097;-0.013018410574756945
0.12700000000000097;-0.013222500635397094
0.12800000000000097;-0.013428098752429674
0.12900000000000097;-0.013635202518647471
0.13000000000000098;-0.013843809511030591
0.13100000000000098;-0.014053917290810625
0.13200000000000098;-0.014265523403541147
0.13300000000000098;-0.014478625379164667
0.13400000000000098;-0.014693220732080126
0.13500000000000098;-0.01490930696121373
0.13600000000000098;-0.015126881550086346
0.13700000000000098;-0.01534594196688488
0.13800000000000098;-0.015566485664529894
0.13900000000000098;-0.015788510080747886
0.14000000000000098;-0.016012012638141115
0.14100000000000099;-0.016236990744258106
0.142000000000001;-0.01646344179166437
0.143000000000001;-0.01669136315801656
0.144000000000001;-0.016920752206129874
0.145000000000001;-0.017151606284054877
0.146000000000001;-0.017383922725147438
0.147000000000001;-0.01761769884814035
0.148000000000001;-0.01785293195721982
0.149000000000001;-0.018089619342095853
0.150000000000001;-0.018327758278077977
0.151000000000001;-0.01856734602614707
0.152000000000001;-0.018808379833032074
0.153000000000001;-0.019050856931282056
0.154000000000001;-0.019294774539342807
0.155000000000001;-0.019540129861631783
0.156000000000001;-0.019786920088612048
0.157000000000001;-0.020035142396869876
0.158000000000001;-0.02028479394918914
0.159000000000001;-0.020535871894627467
0.160000000000001;-0.020788373368594626
0.161000000000001;-0.021042295492927354
0.162000000000001;-0.02129763537596563
0.163000000000001;-0.021554390112632715
0.164000000000001;-0.02181255678450922
0.165000000000001;-0.022072132459913574
0.166000000000001;-0.02233311419397832
0.167000000000001;-0.022595499028728483
0.168000000000001;-0.022859283993160395
0.169000000000001;-0.023124466103320196
0.170000000000001;-0.023391042362381986
0.171000000000001;-0.023659009760727767
0.172000000000001;-0.023928365276026153
0.17300000000000101;-0.024199105873311866
0.17400000000000101;-0.024471228505065556
0.17500000000000102;-0.024744730111293745
0.17600000000000102;-0.02501960761960853
0.17700000000000102;-0.025295857945307643
0.17800000000000102;-0.025573477991456706
0.17900000000000102;-0.0258524646489664
0.18000000000000102;-0.026132814796677395
0.18100000000000102;-0.026414525301438063
0.18200000000000102;-0.026697593018187193
0.18300000000000102;-0.02698201479003559
0.18400000000000102;-0.027267787448346015
0.18500000000000102;-0.027554907812816776
0.18600000000000103;-0.027843372691562673
0.18700000000000103;-0.028133178881196153
0.18800000000000103;-0.02842432316691168
0.18900000000000103;-0.02871680232256557
0.19000000000000103;-0.02901061311076003
0.19100000000000103;-0.029305752282925424
0.19200000000000103;-0.02960221657940254
0.19300000000000103;-0.0299000027295262
0.19400000000000103;-0.030199107451707174
0.19500000000000103;-0.030499527453516917
0.19600000000000103;-0.03080125943176859
0.19700000000000104;-0.031104300072602564
0.19800000000000104;-0.0314086460515689
0.19900000000000104;-0.03171429403371051
0.20000000000000104;-0.03202124067364809
0.20100000000000104;-0.0323294826156626
0.20200000000000104;-0.03263901649377976
0.20300000000000104;-0.032949838931854325
0.20400000000000104;-0.033261946543653775
0.20500000000000104;-0.03357533593294226
0.20600000000000104;-0.03389000369356521
0.20700000000000104;-0.03420594640953378
0.20800000000000105;-0.0345231606551093
0.20900000000000105;-0.03484164299488657
0.21000000000000105;-0.03516138998388041
0.21100000000000105;-0.03548239816760834
0.21200000000000105;-0.03580466408217653
0.21300000000000105;-0.03612818425436426
0.21400000000000105;-0.03645295520170844
0.21500000000000105;-0.03677897343258785
0.21600000000000105;-0.03710623544630931
0.21700000000000105;-0.0374347377331925
0.21800000000000105;-0.03776447677465333
0.21900000000000105;-0.03809544904329021
0.22000000000000106;-0.0384276510029693
0.22100000000000106;-0.03876107910890869
0.22200000000000106;-0.039095729807763546
0.22300000000000106;-0.03943159953771236
0.22400000000000106;-0.039768684728540116
0.22500000000000106;-0.04010698180172523
0.22600000000000106;-0.04044648717052346
0.22700000000000106;-0.04078719724005331
0.22800000000000106;-0.041129108407381265
0.22900000000000106;-0.041472217061606975
0.23000000000000106;-0.041816519583948275
0.23100000000000107;-0.04216201234782557
0.23200000000000107;-0.042508691718948444
0.23300000000000107;-0.042856554055399565
0.23400000000000107;-0.04320559570771909
0.23500000000000107;-0.04355581301899125
0.23600000000000107;-0.04390720232492851
0.23700000000000107;-0.044259759953956035
0.23800000000000107;-0.04461348222729722
0.23900000000000107;-0.04496836545905847
0.24000000000000107;-0.045324405956313596
0.24100000000000107;-0.04568160001918853
0.24200000000000108;-0.046039943940947126
0.24300000000000108;-0.046399434008074
0.24400000000000108;-0.04676006650035991
0.24500000000000108;-0.04712183769098688
0.24600000000000108;-0.04748474384661128
0.24700000000000108;-0.04784878122744951
0.24800000000000108;-0.04821394608736118
0.24900000000000108;-0.04858023467393391
0.25000000000000105;-0.04894764322856693
0.25100000000000106;-0.04931616798655547
0.25200000000000106;-0.04968580517717447
0.25300000000000106;-0.050056551023762386
0.25400000000000106;-0.050428401743804696
0.25500000000000106;-0.05080135354901805
0.25600000000000106;-0.05117540264543252
0.25700000000000106;-0.05155054523347691
0.25800000000000106;-0.05192677750805985
0.25900000000000106;-0.05230409565865379
0.26000000000000106;-0.05268249586937912
0.26100000000000106;-0.05306197431908499
0.26200000000000107;-0.05344252718143283
0.26300000000000107;-0.05382415062497947
0.26400000000000107;-0.054206840813259216
0.26500000000000107;-0.05459059390486576
0.26600000000000107;-0.054975406053534015
0.26700000000000107;-0.05536127340822372
0.26800000000000107;-0.055748192113199146
0.26900000000000107;-0.05613615830811225
0.2700000000000011;-0.05652516812808328
0.2710000000000011;-0.05691521770378205
0.2720000000000011;-0.057306303161510086
0.2730000000000011;-0.05769842062328001
0.2740000000000011;-0.05809156620689804
0.2750000000000011;-0.05848573602604168
0.2760000000000011;-0.05888092619034413
0.2770000000000011;-0.059277132805470534
0.2780000000000011;-0.059674351973201256
0.2790000000000011;-0.060072579791507597
0.2800000000000011;-0.0604718123546365
0.2810000000000011;-0.06087204575318472
0.2820000000000011;-0.061273276074181315
0.2830000000000011;-0.061675499401165235
0.2840000000000011;-0.06207871181426383
0.2850000000000011;-0.062482909390272234
0.2860000000000011;-0.06288808820272951
0.2870000000000011;-0.0632942443219987
0.2880000000000011;-0.06370137381534369
0.2890000000000011;-0.06410947274700629
0.2900000000000011;-0.06451853717828349
0.2910000000000011;-0.06492856316760398
0.2920000000000011;-0.06533954677060638
0.2930000000000011;-0.06575148404021247
0.2940000000000011;-0.06616437102670814
0.2950000000000011;-0.06657820377781232
0.2960000000000011;-0.06699297833875917
0.2970000000000011;-0.06740869075236966
0.2980000000000011;-0.06782533705912708
0.2990000000000011;-0.06824291329725096
0.3000000000000011;-0.0686614155027736
0.3010000000000011;-0.0690808397096111
0.3020000000000011;-0.06950118194963961
0.3030000000000011;-0.06992243825276723
0.3040000000000011;-0.07034460464700609
0.3050000000000011;-0.07076767715854793
0.3060000000000011;-0.0711916518118334
0.3070000000000011;-0.07161652462962576
0.3080000000000011;-0.07204229163308207
0.3090000000000011;-0.0724689488418242
0.3100000000000011;-0.07289649227401074
0.3110000000000011;-0.07332491794640505
0.3120000000000011;-0.07375422187444836
0.3130000000000011;-0.07418440007232863
0.3140000000000011;-0.07461544855304902
0.3150000000000011;-0.07504736332849704
0.3160000000000011;-0.07548014040951478
0.3170000000000011;-0.07591377580596492
0.3180000000000011;-0.07634826552680041
0.3190000000000011;-0.07678360558013031
0.3200000000000011;-0.07721979197328865
0.3210000000000011;-0.07765682071289814
0.3220000000000011;-0.07809468780493889
0.3230000000000011;-0.07853338925481324
0.3240000000000011;-0.07897292106741083
0.3250000000000011;-0.07941327924717323
0.3260000000000011;-0.07985445979815842
0.3270000000000011;-0.0802964587241044
0.3280000000000011;-0.08073927202849351
0.3290000000000011;-0.08118289571461423
0.3300000000000011;-0.08162732578562393
0.3310000000000011;-0.08207255824461024
0.3320000000000011;-0.08251858909465459
0.33300000000000113;-0.0829654143388906
0.33400000000000113;-0.08341302998056521
0.33500000000000113;-0.08386143202309926
0.33600000000000113;-0.08431061647014604
0.33700000000000113;-0.08476057932565084
0.33800000000000113;-0.08521131659390835
0.33900000000000113;-0.08566282427962091
0.34000000000000113;-0.08611509838795572
0.34100000000000114;-0.0865681349246008
0.34200000000000114;-0.08702192989582147
0.34300000000000114;-0.08747647930851521
0.34400000000000114;-0.08793177917026884
0.34500000000000114;-0.08838782548940849
0.34600000000000114;-0.08884461427505708
0.34700000000000114;-0.08930214153718474
0.34800000000000114;-0.08976040328666235
0.34900000000000114;-0.090219395535314
0.35000000000000114;-0.09067911429596631
0.35100000000000114;-0.09113955558249964
0.35200000000000115;-0.09160071540989811
0.35300000000000115;-0.09206258979429793
0.35400000000000115;-0.09252517475303734
0.35500000000000115;-0.09298846630470237
0.35600000000000115;-0.09345246046917488
0.35700000000000115;-0.0939171532676788
0.35800000000000115;-0.09438254072282526
0.35900000000000115;-0.09484861885865825
0.36000000000000115;-0.09531538370069714
0.36100000000000115;-0.09578283127598297
0.36200000000000115;-0.09625095761311608
0.36300000000000116;-0.09671975874230399
0.36400000000000116;-0.09718923069539687
0.36500000000000116;-0.09765936950593102
0.36600000000000116;-0.09813017120916734
0.36700000000000116;-0.09860163184213011
0.36800000000000116;-0.09907374744364383
0.36900000000000116;-0.09954651405437176
0.37000000000000116;-0.10001992771684953
0.37100000000000116;-0.10049398447552316
0.37200000000000116;-0.10096868037678042
0.37300000000000116;-0.10144401146898674
0.37400000000000116;-0.10191997380251605
0.37500000000000117;-0.1023965634297832
0.37600000000000117;-0.10287377640527373
0.37700000000000117;-0.10335160878557437
0.37800000000000117;-0.10383005662940092
0.37900000000000117;-0.10430911599762738
0.38000000000000117;-0.10478878295331062
0.38100000000000117;-0.10526905356171767
0.38200000000000117;-0.10574992389034998
0.3830000000000012;-0.10623139000896731
0.3840000000000012;-0.10671344798960991
0.3850000000000012;-0.10719609390661933
0.3860000000000012;-0.10767932383666168
0.3870000000000012;-0.10816313385874421
0.3880000000000012;-0.10864752005423473
0.3890000000000012;-0.10913247850687857
0.3900000000000012;-0.10961800530281463
0.3910000000000012;-0.1101040965305905
0.3920000000000012;-0.11059074828117565
0.3930000000000012;-0.11107795664797426
0.3940000000000012;-0.11156571772683643
0.3950000000000012;-0.11205402761606753
0.3960000000000012;-0.11254288241643895
0.3970000000000012;-0.113032278231193
0.3980000000000012;-0.11352221116605132
0.3990000000000012;-0.11401267732921849
0.4000000000000012;-0.11450367283138685
0.4010000000000012;-0.11499519378573742
0.4020000000000012;-0.115487236307941
0.4030000000000012;-0.11597979651615986
0.4040000000000012;-0.11647287053104294
0.4050000000000012;-0.11696645447572429
0.4060000000000012;-0.11746054447581744
0.4070000000000012;-0.11795513665941082
0.4080000000000012;-0.11845022715705755
0.4090000000000012;-0.11894581210176924
0.4100000000000012;-0.11944188762900243
0.4110000000000012;-0.11993844987664892
0.4120000000000012;-0.12043549498501915
0.4130000000000012;-0.1209330190968303
0.4140000000000012;-0.12143101835718573
0.4150000000000012;-0.12192948891355837
0.4160000000000012;-0.1224284269157705
0.4170000000000012;-0.12292782851597017
0.4180000000000012;-0.12342768986860864
0.4190000000000012;-0.12392800713041474
0.4200000000000012;-0.12442877646036787
0.4210000000000012;-0.12492999401966776
0.4220000000000012;-0.12543165597170491
0.4230000000000012;-0.12593375848202693
0.4240000000000012;-0.12643629771830456
0.4250000000000012;-0.12693926985029502
0.4260000000000012;-0.12744267104980334
0.4270000000000012;-0.1279464974906417
0.4280000000000012;-0.12845074534858814
0.4290000000000012;-0.12895541080134088
0.4300000000000012;-0.12946049002847315
0.4310000000000012;-0.1299659792113832
0.4320000000000012;-0.1304718745332445
0.4330000000000012;-0.13097817217895324
0.4340000000000012;-0.13148486833507322
0.4350000000000012;-0.13199195918977735
0.4360000000000012;-0.13249944093279076
0.4370000000000012;-0.1330073097553267
0.4380000000000012;-0.1335155618500251
0.4390000000000012;-0.13402419341088323
0.4400000000000012;-0.13453320063318963
0.4410000000000012;-0.13504257971345224
0.4420000000000012;-0.13555232684932372
0.4430000000000012;-0.13606243823952768
0.4440000000000012;-0.1365729100837786
0.44500000000000123;-0.1370837385827004
0.44600000000000123;-0.1375949199377453
0.44700000000000123;-0.13810645035110414
0.44800000000000123;-0.13861832602561996
0.44900000000000123;-0.13913054316469575
0.45000000000000123;-0.13964309797219965
0.45100000000000123;-0.1401559866523685
0.45200000000000123;-0.14066920540970662
0.45300000000000124;-0.1411827504488844
0.45400000000000124;-0.1416966179746325
0.45500000000000124;-0.14221080419163146
0.45600000000000124;-0.14272530530440208
0.45700000000000124;-0.14324011751718946
0.45800000000000124;-0.14375523703384574
0.45900000000000124;-0.14427066005770872
0.46000000000000124;-0.14478638279147837
0.46100000000000124;-0.14530240143708872
0.46200000000000124;-0.14581871219557874
0.46300000000000124;-0.1463353112669562
0.46400000000000124;-0.1468521948500623
0.46500000000000125;-0.1473693591424302
0.46600000000000125;-0.14788680034014146
0.46700000000000125;-0.1484045146376779
0.46800000000000125;-0.14892249822776993
0.46900000000000125;-0.14944074730124302
0.47000000000000125;-0.1499592580468586
0.47100000000000125;-0.15047802665115184
0.47200000000000125;-0.1509970492982653
0.47300000000000125;-0.15151632216978017
0.47400000000000125;-0.15203584144454152
0.47500000000000125;-0.15255560329848172
0.47600000000000126;-0.15307560390443797
0.47700000000000126;-0.15359583943196686
0.47800000000000126;-0.15411630604715565
0.47900000000000126;-0.15463699991242708
0.48000000000000126;-0.15515791718634142
0.48100000000000126;-0.15567905402339466
0.48200000000000126;-0.15620040657381085
0.48300000000000126;-0.1567219709833324
0.48400000000000126;-0.15724374339300262
0.48500000000000126;-0.1577657199389465
0.48600000000000126;-0.15828789675214627
0.48700000000000127;-0.1588102699582108
0.48800000000000127;-0.15933283567714196
0.48900000000000127;-0.15985559002309613
0.49000000000000127;-0.16037852910413986
0.49100000000000127;-0.16090164902200021
0.49200000000000127;-0.16142494587181222
0.49300000000000127;-0.16194841574185947
0.49400000000000127;-0.16247205471331017
0.4950000000000013;-0.16299585885994683
0.4960000000000013;-0.16351982424789369
0.4970000000000013;-0.16404394693533464
0.4980000000000013;-0.16456822297222884
0.4990000000000013;-0.16509264840001947
0.5000000000000012;-0.1656172192513382
0.5010000000000012;-0.16614193154970125
0.5020000000000012;-0.16666678130920143
0.5030000000000012;-0.1671917645341966
0.5040000000000012;-0.1677168772189872
0.5050000000000012;-0.16824211534749167
0.5060000000000012;-0.16876747489291444
0.5070000000000012;-0.16929295181740844
0.5080000000000012;-0.16981854207172886
0.5090000000000012;-0.17034424159488493
0.5100000000000012;-0.17087004631378133
0.5110000000000012;-0.17139595214285408
0.5120000000000012;-0.1719219549837021
0.5130000000000012;-0.17244805072470826
0.5140000000000012;-0.17297423524065692
0.5150000000000012;-0.17350050439234266
0.5160000000000012;-0.17402685402617224
0.5170000000000012;-0.17455327997376102
0.5180000000000012;-0.1750797780515202
0.5190000000000012;-0.17560634406023667
0.5200000000000012;-0.17613297378464887
0.5210000000000012;-0.17665966299300973
0.5220000000000012;-0.1771864074366476
0.5230000000000012;-0.17771320284951486
0.5240000000000012;-0.1782400449477316
0.5250000000000012;-0.1787669294291211
0.5260000000000012;-0.17929385197273529
0.5270000000000012;-0.17982080823837487
0.5280000000000012;-0.18034779386609923
0.5290000000000012;-0.18087480447572846
0.5300000000000012;-0.18140183566633772
0.5310000000000012;-0.18192888301574184
0.5320000000000012;-0.18245594207997284
0.5330000000000013;-0.1829830083927454
0.5340000000000013;-0.18351007746491865
0.5350000000000013;-0.1840371447839434
0.5360000000000013;-0.1845642058133048
0.5370000000000013;-0.18509125599195142
0.5380000000000013;-0.18561829073371927
0.5390000000000013;-0.18614530542674268
0.5400000000000013;-0.18667229543285802
0.5410000000000013;-0.18719925608699595
0.5420000000000013;-0.1877261826965646
0.5430000000000013;-0.1882530705408234
0.5440000000000013;-0.18877991487024426
0.5450000000000013;-0.18930671090586515
0.5460000000000013;-0.18983345383863215
0.5470000000000013;-0.19036013882873004
0.5480000000000013;-0.19088676100490465
0.5490000000000013;-0.19141331546377083
0.5500000000000013;-0.19193979726911203
0.5510000000000013;-0.19246620145116855
0.5520000000000013;-0.19299252300591307
0.5530000000000013;-0.19351875689431597
0.5540000000000013;-0.19404489804159863
0.5550000000000013;-0.19457094133647468
0.5560000000000013;-0.19509688163038041
0.5570000000000013;-0.19562271373669138
0.5580000000000013;-0.19614843242992852
0.5590000000000013;-0.19667403244495107
0.5600000000000013;-0.19719950847613676
0.5610000000000013;-0.19772485517654947
0.5620000000000013;-0.19825006715709537
0.5630000000000013;-0.1987751389856629
0.5640000000000013;-0.19930006518625332
0.5650000000000013;-0.19982484023809455
0.5660000000000013;-0.20034945857474407
0.5670000000000013;-0.20087391458317627
0.5680000000000013;-0.2013982026028579
0.5690000000000013;-0.20192231692480667
0.5700000000000013;-0.2024462517906378
0.5710000000000013;-0.20297000139159627
0.5720000000000013;-0.20349355986757256
0.5730000000000013;-0.20401692130610571
0.5740000000000013;-0.20454007974137034
0.5750000000000013;-0.20506302915314778
0.5760000000000013;-0.20558576346578372
0.5770000000000013;-0.2061082765471296
0.5780000000000013;-0.20663056220746612
0.5790000000000013;-0.20715261419841435
0.5800000000000013;-0.20767442621182908
0.5810000000000013;-0.20819599187867444
0.5820000000000013;-0.20871730476788597
0.5830000000000013;-0.2092383583852122
0.5840000000000013;-0.20975914617204316
0.5850000000000013;-0.21027966150421906
0.5860000000000013;-0.2107998976908223
0.5870000000000013;-0.21131984797295256
0.5880000000000013;-0.21183950552248232
0.5890000000000013;-0.21235886344079735
0.5900000000000013;-0.2128779147575155
0.5910000000000013;-0.21339665242918893
0.5920000000000013;-0.21391506933798754
0.5930000000000013;-0.2144331582903639
0.5940000000000013;-0.21495091201569638
0.5950000000000013;-0.21546832316491704
0.5960000000000013;-0.2159853843091154
0.5970000000000013;-0.21650208793812653
0.5980000000000013;-0.21701842645909564
0.5990000000000013;-0.21753439219502468
0.6000000000000013;-0.218049977383296
0.6010000000000013;-0.21856517417417753
0.6020000000000013;-0.2190799746293055
0.6030000000000013;-0.21959437072014554
0.6040000000000013;-0.22010835432643328
0.6050000000000013;-0.22062191723459124
0.6060000000000013;-0.22113505113612608
0.6070000000000013;-0.22164774762600126
0.6080000000000013;-0.22215999820098709
0.6090000000000013;-0.22267179425798933
0.6100000000000013;-0.22318312709235366
0.6110000000000013;-0.22369398789614614
0.6120000000000013;-0.2242043677564105
0.6130000000000013;-0.22471425765340092
0.6140000000000013;-0.22522364845879117
0.6150000000000013;-0.22573253093385803
0.6160000000000013;-0.22624089572764017
0.6170000000000013;-0.22674873337507284
0.6180000000000013;-0.22725603429509522
0.6190000000000013;-0.2277627887887318
0.6200000000000013;-0.22826898703715093
0.6210000000000013;-0.22877461909969188
0.6220000000000013;-0.22927967491187007
0.6230000000000013;-0.22978414428335026
0.6240000000000013;-0.2302880168958975
0.6250000000000013;-0.23079128230129542
0.6260000000000013;-0.2312939299192407
0.6270000000000013;-0.23179594903520573
0.6280000000000013;-0.23229732879827436
0.6290000000000013;-0.2327980582189494
0.6300000000000013;-0.2332981261669278
0.6310000000000013;-0.23379752136884902
0.6320000000000013;-0.23429623240601227
0.6330000000000013;-0.23479424771206214
0.6340000000000013;-0.23529155557064563
0.6350000000000013;-0.23578814411303672
0.6360000000000013;-0.2362840013157288
0.6370000000000013;-0.23677911499799797
0.6380000000000013;-0.23727347281943012
0.6390000000000013;-0.23776706227741895
0.6400000000000013;-0.2382598707046295
0.6410000000000013;-0.238751885266428
0.6420000000000013;-0.23924309295827917
0.6430000000000013;-0.23973348060310784
0.6440000000000013;-0.24022303484862806
0.6450000000000014;-0.2407117421646353
0.6460000000000014;-0.24119958884026493
0.6470000000000014;-0.24168656098121444
0.6480000000000014;-0.242172644506929
0.6490000000000014;-0.24265782514775125
0.6500000000000014;-0.2431420884420351
0.6510000000000014;-0.24362541973321927
0.6520000000000014;-0.24410780416686673
0.6530000000000014;-0.24458922668766325
0.6540000000000014;-0.24506967203637853
0.6550000000000014;-0.24554912474678803
0.6560000000000014;-0.2460275691425563
0.6570000000000014;-0.24650498933407794
0.6580000000000014;-0.24698136921528124
0.6590000000000014;-0.24745669246039015
0.6600000000000014;-0.24793094252064174
0.6610000000000014;-0.2484041026209679
0.6620000000000014;-0.24887615575663014
0.6630000000000014;-0.2493470846898138
0.6640000000000014;-0.24981687194617797
0.6650000000000014;-0.25028549981136394
0.6660000000000014;-0.2507529503274566
0.6670000000000014;-0.25121920528940467
0.6680000000000014;-0.2516842462413933
0.6690000000000014;-0.2521480544731719
0.6700000000000014;-0.2526106110163361
0.6710000000000014;-0.2530718966405644
0.6720000000000014;-0.25353189184980474
0.6730000000000014;-0.2539905768784173
0.6740000000000014;-0.254447931687266
0.6750000000000014;-0.2549039359597629
0.6760000000000014;-0.2553585690978647
0.6770000000000014;-0.25581181021801647
0.6780000000000014;-0.25626363814704833
0.6790000000000014;-0.25671403141801985
0.6800000000000014;-0.2571629682660129
0.6810000000000014;-0.2576104266238738
0.6820000000000014;-0.25805638411790255
0.6830000000000014;-0.25850081806348935
0.6840000000000014;-0.25894370546069656
0.6850000000000014;-0.25938502298978816
0.6860000000000014;-0.2598247470067041
0.6870000000000014;-0.2602628535384782
0.6880000000000014;-0.26069931827860193
0.6890000000000014;-0.261134116582331
0.6900000000000014;-0.2615672234619344
0.6910000000000014;-0.26199861358188736
0.6920000000000014;-0.262428261254004
0.6930000000000014;-0.26285614043251326
0.6940000000000014;-0.26328222470907336
0.6950000000000014;-0.26370648730772794
0.6960000000000014;-0.2641289010798007
0.6970000000000014;-0.26454943849872714
0.6980000000000014;-0.26496807165482816
0.6990000000000014;-0.2653847722500162
0.7000000000000014;-0.26579951159244286
0.7010000000000014;-0.26621226059107794
0.7020000000000014;-0.2666229897502268
0.7030000000000014;-0.26703166916398247
0.7040000000000014;-0.26743826851060937
0.7050000000000014;-0.2678427570468632
0.7060000000000014;-0.2682451036022405
0.7070000000000014;-0.26864527657316306
0.7080000000000014;-0.2690432439170919
0.7090000000000014;-0.26943897314657117
0.7100000000000014;-0.2698324313232028
0.7110000000000014;-0.2702235850515514
0.7120000000000014;-0.27061240047297386
0.7130000000000014;-0.2709988432593803
0.7140000000000014;-0.27138287860691956
0.7150000000000014;-0.2717644712295917
0.7160000000000014;-0.27214358535278516
0.7170000000000014;-0.2725201847067402
0.7180000000000014;-0.2728942325199327
0.7190000000000014;-0.2732656915123851
0.7200000000000014;-0.27363452388889575
0.7210000000000014;-0.27400069133219274
0.7220000000000014;-0.2743641549960062
0.7230000000000014;-0.2747248754980618
0.7240000000000014;-0.2750828129129923
0.7250000000000014;-0.2754379267651682
0.7260000000000014;-0.2757901760214442
0.7270000000000014;-0.27613951908382395
0.7280000000000014;-0.2764859137820398
0.7290000000000014;-0.2768293173660469
0.7300000000000014;-0.27716968649843143
0.7310000000000014;-0.27750697724673246
0.7320000000000014;-0.2778411450756759
0.7330000000000014;-0.2781721448393186
0.7340000000000014;-0.27849993077310486
0.7350000000000014;-0.27882445648583154
0.7360000000000014;-0.2791456749515212
0.7370000000000014;-0.2794635385012032
0.7380000000000014;-0.27977799881460363
0.7390000000000014;-0.28008900691173755
0.7400000000000014;-0.2803965131444103
0.7410000000000014;-0.28070046718761765
0.7420000000000014;-0.2810008180308552
0.7430000000000014;-0.28129751396932534
0.7440000000000014;-0.2815905025950459
0.7450000000000014;-0.28187973078786144
0.7460000000000014;-0.28216514470635035
0.7470000000000014;-0.2824466897786334
0.7480000000000014;-0.28272431069307735
0.7490000000000014;-0.28299795138889494
0.7500000000000014;-0.2832675550466399
0.7510000000000014;-0.2835330640785987
0.7520000000000014;-0.2837944201190705
0.7530000000000014;-0.2840515640145447
0.7540000000000014;-0.28430443581376297
0.7550000000000014;-0.2845529747576794
0.7560000000000014;-0.28479711926930196
0.7570000000000014;-0.2850368069434249
0.7580000000000015;-0.28527197453624964
0.7590000000000015;-0.28550255795488677
0.7600000000000015;-0.2857284922467477
0.7610000000000015;-0.2859497115888142
0.7620000000000015;-0.2861661492767955
0.7630000000000015;-0.2863777377141635
0.7640000000000015;-0.28658440840106636
0.7650000000000015;-0.28678609192312576
0.7660000000000015;-0.28698271794010666
0.7670000000000015;-0.2871742151744675
0.7680000000000015;-0.287360511399783
0.7690000000000015;-0.2875415334290419
0.7700000000000015;-0.28771720710281856
0.7710000000000015;-0.28788745727731424
0.7720000000000015;-0.2880522078122698
0.7730000000000015;-0.28821138155874915
0.7740000000000015;-0.2883649003467871
0.7750000000000015;-0.28851268497290683
0.7760000000000015;-0.28865465518750266
0.7770000000000015;-0.28879072968208486
0.7780000000000015;-0.28892082607638847
0.7790000000000015;-0.2890448609053451
0.7800000000000015;-0.2891627496059127
0.7810000000000015;-0.2892744065037659
0.7820000000000015;-0.2893797447998413
0.7830000000000015;-0.28947867655674386
0.7840000000000015;-0.2895711126850039
0.7850000000000015;-0.28965696292918786
0.7860000000000015;-0.28973613585386393
0.7870000000000015;-0.28980853882941715
0.7880000000000015;-0.2898740780177119
0.7890000000000015;-0.28993265835760573
0.7900000000000015;-0.2899841835503073
0.7910000000000015;-0.2900285560445799
0.7920000000000015;-0.29006567702179
0.7930000000000015;-0.29009544638079554
0.7940000000000015;-0.2901177627226782
0.7950000000000015;-0.29013252333531103
0.7960000000000015;-0.2901396241777675
0.7970000000000015;-0.29013895986456495
0.7980000000000015;-0.2901304236497422
0.7990000000000015;-0.2901139074107718
0.8000000000000015;-0.29008930163230506
0.8010000000000015;-0.29005649538974176
0.8020000000000015;-0.29001537633263663
0.8030000000000015;-0.28996583066792514
0.8040000000000015;-0.28990774314297985
0.8050000000000015;-0.28984099702848776
0.8060000000000015;-0.2897654741011514
0.8070000000000015;-0.28968105462620874
0.8080000000000015;-0.28958761733977534
0.8090000000000015;-0.2894850394309988
0.8100000000000015;-0.2893731965240327
0.8110000000000015;-0.28925196265982456
0.8120000000000015;-0.2891212102777123
0.8130000000000015;-0.28898081019683486
0.8140000000000015;-0.28883063159735134
0.8150000000000015;-0.2886705420014636
0.8160000000000015;-0.2885004072542483
0.8170000000000015;-0.2883200915042923
0.8180000000000015;-0.28812945718412464
0.8190000000000015;-0.28792836499045527
0.8200000000000015;-0.2877166738642085
0.8210000000000015;-0.2874942409703516
0.8220000000000015;-0.2872609216775208
0.8230000000000015;-0.28701656953743837
0.8240000000000015;-0.2867610362641204
0.8250000000000015;-0.28649417171287284
0.8260000000000015;-0.2862158238590782
0.8270000000000015;-0.2859258387767616
0.8280000000000015;-0.2856240606169438
0.8290000000000015;-0.2853103315857767
0.8300000000000015;-0.2849844919224531
0.8310000000000015;-0.284646379876898
0.8320000000000015;-0.28429583168723516
0.8330000000000015;-0.2839326815570238
0.8340000000000015;-0.2835567616322705
0.8350000000000015;-0.2831679019782064
0.8360000000000015;-0.28276593055583554
0.8370000000000015;-0.282350673198246
0.8380000000000015;-0.2819219535866845
0.8390000000000015;-0.2814795932263918
0.8400000000000015;-0.28102341142219944
0.8410000000000015;-0.28055322525387827
0.8420000000000015;-0.2800688495512461
0.8430000000000015;-0.27957009686902634
0.8440000000000015;-0.27905677746145674
0.8450000000000015;-0.27852869925664525
0.8460000000000015;-0.2779856678306738
0.8470000000000015;-0.27742748638144443
0.8480000000000015;-0.27685395570226745
0.8490000000000015;-0.27626487415518675
0.8500000000000015;-0.27566003764404556
0.8510000000000015;-0.2750392395872835
0.8520000000000015;-0.27440227089046787
0.8530000000000015;-0.2737489199185533
0.8540000000000015;-0.2730789724678706
0.8550000000000015;-0.2723922117378388
0.8560000000000015;-0.2716884183024024
0.8570000000000015;-0.270967370081187
0.8580000000000015;-0.2702288423103738
0.8590000000000015;-0.26947260751328983
0.8600000000000015;-0.26869843547070926
0.8610000000000015;-0.2679060931908699
0.8620000000000015;-0.2670953448791915
0.8630000000000015;-0.26626595190770497
0.8640000000000015;-0.26541767278418227
0.8650000000000015;-0.2645502631209662
0.8660000000000015;-0.2636634756034997
0.8670000000000015;-0.2627570599585499
0.8680000000000015;-0.2618307629221238
0.8690000000000015;-0.26088432820707497
0.8700000000000015;-0.25991749647039886
0.8710000000000016;-0.2589300052802095
0.8720000000000016;-0.2579215890824019
0.8730000000000016;-0.2568919791669906
0.8740000000000016;-0.25584090363412804
0.8750000000000016;-0.2547680873597935
0.8760000000000016;-0.25367325196115476
0.8770000000000016;-0.25255611576159886
0.8780000000000016;-0.25141639375542624
0.8790000000000016;-0.2502537975722089
0.8800000000000016;-0.24906803544080713
0.8810000000000016;-0.24785881215304506
0.8820000000000016;-0.24662582902703867
0.8830000000000016;-0.2453687838701737
0.8840000000000016;-0.24408737094173405
0.8850000000000016;-0.24278128091517448
0.8860000000000016;-0.241450200840035
0.8870000000000016;-0.24009381410349273
0.8880000000000016;-0.2387118003915546
0.8890000000000016;-0.23730383564987767
0.8900000000000016;-0.23586959204422198
0.8910000000000016;-0.2344087379205313
0.8920000000000016;-0.2329209377646344
0.8930000000000016;-0.23140585216156995
0.8940000000000016;-0.22986313775452616
0.8950000000000016;-0.22829244720339814
0.8960000000000016;-0.22669342914295032
0.8970000000000016;-0.225065728140594
0.8980000000000016;-0.22340898465376213
0.8990000000000016;-0.22172283498689138
0.9000000000000016;-0.22000691124799676
0.9010000000000016;-0.2182608413048449
0.9020000000000016;-0.21648424874071526
0.9030000000000016;-0.2146767528097524
0.9040000000000016;-0.21283796839189761
0.9050000000000016;-0.21096750594740665
0.9060000000000016;-0.2090649714709425
0.9070000000000016;-0.20712996644524095
0.9080000000000016;-0.20516208779434775
0.9090000000000016;-0.20316092783642337
0.9100000000000016;-0.2011260742361094
0.9110000000000016;-0.19905710995645576
0.9120000000000016;-0.1969536132104036
0.9130000000000016;-0.19481515741181954
0.9140000000000016;-0.19264131112608118
0.9150000000000016;-0.19043163802020424
0.9160000000000016;-0.18818569681251485
0.9170000000000016;-0.1859030412218553
0.9180000000000016;-0.18358321991632653
0.9190000000000016;-0.1812257764615598
0.9200000000000016;-0.1788302492685132
0.9210000000000016;-0.17639617154079235
0.9220000000000016;-0.17392307122148765
0.9230000000000016;-0.17141047093952833
0.9240000000000016;-0.1688578879555429
0.9250000000000016;-0.1662648341072298
0.9260000000000016;-0.163630815754231
0.9270000000000016;-0.1609553337224987
0.9280000000000016;-0.15823788324816268
0.9290000000000016;-0.15547795392088493
0.9300000000000016;-0.1526750296267
0.9310000000000016;-0.14982858849033787
0.9320000000000016;-0.14693810281702557
0.9330000000000016;-0.14400303903376144
0.9340000000000016;-0.14102285763005895
0.9350000000000016;-0.13799701309815504
0.9360000000000016;-0.13492495387268066
0.9370000000000016;-0.13180612226978572
0.9380000000000016;-0.12863995442571818
0.9390000000000016;-0.12542588023484935
0.9400000000000016;-0.12216332328714297
0.9410000000000016;-0.11885170080506191
0.9420000000000016;-0.11549042357991257
0.9430000000000016;-0.11207889590761433
0.9440000000000016;-0.10861651552389773
0.9450000000000016;-0.10510267353892055
0.9460000000000016;-0.10153675437130383
0.9470000000000016;-0.0979181356815737
0.9480000000000016;-0.09424618830501463
0.9490000000000016;-0.09052027618392211
0.9500000000000016;-0.08673975629925323
0.9510000000000016;-0.08290397860166876
0.9520000000000016;-0.07901228594196485
0.9530000000000016;-0.07506401400088425
0.9540000000000016;-0.0710584912183081
0.9550000000000016;-0.06699503872181878
0.9560000000000016;-0.06287297025463157
0.9570000000000016;-0.05869159210288921
0.9580000000000016;-0.054450203022313515
0.9590000000000016;-0.050148094164209844
0.9600000000000016;-0.04578454900082107
0.9610000000000016;-0.04135884325002048
0.9620000000000016;-0.036870244799346086
0.9630000000000016;-0.03231801362936393
0.9640000000000016;-0.02770140173635982
0.9650000000000016;-0.023019653054352385
0.9660000000000016;-0.01827200337642243
0.9670000000000016;-0.013457680275352657
0.9680000000000016;-0.00857590302357314
0.9690000000000016;-0.0036258825124076965
0.9700000000000016;0.0013931788293861658
0.9710000000000016;0.0064820871177886374
0.9720000000000016;0.011641657096402858
0.9730000000000016;0.01687271222006581
0.9740000000000016;0.022176084739184754
0.9750000000000016;0.02755261578480761
0.9760000000000016;0.03300315545443189
0.9770000000000016;0.03852856289855877
0.9780000000000016;0.04412970640799885
0.9790000000000016;0.0498074635019321
0.9800000000000016;0.05556272101673265
0.9810000000000016;0.06139637519555996
0.9820000000000016;0.06730933177872456
0.9830000000000017;0.07330250609483491
0.9840000000000017;0.07937682315272898
0.9850000000000017;0.0855332177342003
0.9860000000000017;0.09177263448751938
0.9870000000000017;0.09809602802176176
0.9880000000000017;0.10450436300194799
0.9890000000000017;0.11099861424499724
0.9900000000000017;0.11757976681650684
0.9910000000000017;0.1242488161283608
0.9920000000000017;0.13100676803717382
0.9930000000000017;0.13785463894357997
0.9940000000000017;0.1447934558923658
0.9950000000000017;0.15182425667346333
0.9960000000000017;0.15894808992380316
0.9970000000000017;0.16616601523003638
0.9980000000000017;0.1734791032321319
0.9990000000000017;0.1808884357278544
