-1;-1
-0.999;-0.9930448214800703
-0.998;-0.9861785756662931
-0.997;-0.9794002057357342
-0.996;-0.9727086661880846
-0.995;-0.9661029227363113
-0.994;-0.9595819521982473
-0.993;-0.95314474238911
-0.992;-0.9467902920149445
-0.991;-0.9405176105669808
-0.99;-0.9343257182169022
-0.989;-0.9282136457130162
-0.988;-0.9221804342773186
-0.987;-0.9162251355034496
-0.986;-0.9103468112555312
-0.985;-0.9045445335678791
-0.984;-0.8988173845455841
-0.983;-0.8931644562659578
-0.982;-0.8875848506808307
-0.981;-0.8820776795197036
-0.98;-0.8766420641937378
-0.979;-0.8712771357005864
-0.978;-0.8659820345300515
-0.977;-0.8607559105705687
-0.976;-0.8555979230165073
-0.975;-0.8505072402762824
-0.974;-0.8454830398812726
-0.973;-0.8405245083955353
-0.972;-0.8356308413263176
-0.971;-0.8308012430353511
-0.97;-0.8260349266509296
-0.969;-0.8213311139807602
-0.968;-0.8166890354255849
-0.967;-0.8121079298935637
-0.966;-0.8075870447154143
-0.965;-0.803125635560306
-0.964;-0.7987229663524953
-0.963;-0.7943783091887041
-0.962;-0.7900909442562294
-0.961;-0.7858601597517836
-0.96;-0.7816852518010559
-0.959;-0.7775655243789904
-0.958;-0.7735002892307785
-0.957;-0.7694888657935516
-0.956;-0.7655305811187809
-0.955;-0.7616247697953666
-0.954;-0.7577707738734198
-0.953;-0.7539679427887275
-0.952;-0.7502156332878953
-0.951;-0.7465132093541663
-0.95;-0.7428600421339043
-0.949;-0.7392555098637441
-0.948;-0.7356989977983956
-0.947;-0.7321898981391028
-0.946;-0.7287276099627498
-0.945;-0.7253115391516085
-0.944;-0.7219410983237233
-0.943;-0.7186157067639294
-0.942;-0.7153347903554947
-0.941;-0.7120977815123899
-0.94;-0.708904119112169
-0.939;-0.7057532484294669
-0.938;-0.7026446210701023
-0.9369999999999999;-0.6995776949057835
-0.9359999999999999;-0.6965519340094133
-0.9349999999999999;-0.6935668085909841
-0.9339999999999999;-0.6906217949340638
-0.9329999999999999;-0.687716375332865
-0.9319999999999999;-0.6848500380298908
-0.9309999999999999;-0.6820222771541585
-0.9299999999999999;-0.6792325926599891
-0.9289999999999999;-0.6764804902663653
-0.9279999999999999;-0.6737654813968463
-0.9269999999999999;-0.6710870831200432
-0.9259999999999999;-0.6684448180906407
-0.9249999999999999;-0.6658382144909705
-0.9239999999999999;-0.6632668059731235
-0.9229999999999999;-0.6607301316016033
-0.9219999999999999;-0.6582277357965116
-0.9209999999999999;-0.6557591682772628
-0.9199999999999999;-0.6533239840068267
-0.9189999999999999;-0.6509217431364872
-0.9179999999999999;-0.6485520109511238
-0.9169999999999999;-0.6462143578149995
-0.9159999999999999;-0.6439083591180612
-0.9149999999999999;-0.6416335952227423
-0.9139999999999999;-0.6393896514112668
-0.9129999999999999;-0.6371761178334459
-0.9119999999999999;-0.6349925894549717
-0.9109999999999999;-0.6328386660061932
-0.9099999999999999;-0.6307139519313809
-0.9089999999999999;-0.6286180563384663
-0.9079999999999999;-0.6265505929492625
-0.9069999999999999;-0.624511180050152
-0.9059999999999999;-0.6224994404432455
-0.9049999999999999;-0.620515001398003
-0.9039999999999999;-0.6185574946033168
-0.9029999999999999;-0.6166265561200495
-0.9019999999999999;-0.6147218263340255
-0.9009999999999999;-0.6128429499094712
-0.8999999999999999;-0.6109895757428998
-0.8989999999999999;-0.6091613569174386
-0.8979999999999999;-0.6073579506575926
-0.8969999999999999;-0.6055790182844445
-0.8959999999999999;-0.6038242251712818
-0.8949999999999999;-0.6020932406996542
-0.8939999999999999;-0.6003857382158521
-0.8929999999999999;-0.5987013949878046
-0.8919999999999999;-0.5970398921623962
-0.8909999999999999;-0.5954009147231927
-0.8899999999999999;-0.5937841514485794
-0.8889999999999999;-0.5921892948703023
-0.8879999999999999;-0.5906160412324142
-0.8869999999999999;-0.5890640904506176
-0.8859999999999999;-0.5875331460720046
-0.8849999999999999;-0.5860229152351878
-0.8839999999999999;-0.5845331086308205
-0.8829999999999999;-0.5830634404625034
-0.8819999999999999;-0.5816136284080708
-0.8809999999999999;-0.5801833935812599
-0.8799999999999999;-0.5787724604937512
-0.8789999999999999;-0.5773805570175858
-0.8779999999999999;-0.576007414347948
-0.8769999999999999;-0.5746527669663181
-0.8759999999999999;-0.5733163526039835
-0.8749999999999999;-0.5719979122059156
-0.8739999999999999;-0.5706971898949977
-0.8729999999999999;-0.5694139329366101
-0.8719999999999999;-0.5681478917035654
-0.8709999999999999;-0.5668988196413904
-0.8699999999999999;-0.5656664732339534
-0.8689999999999999;-0.564450611969433
-0.8679999999999999;-0.5632509983066266
-0.8669999999999999;-0.5620673976415923
-0.8659999999999999;-0.5608995782746258
-0.8649999999999999;-0.559747311377566
-0.8639999999999999;-0.5586103709614291
-0.8629999999999999;-0.5574885338443651
-0.8619999999999999;-0.556381579619937
-0.8609999999999999;-0.5552892906257174
-0.8599999999999999;-0.5542114519122022
-0.8589999999999999;-0.5531478512120375
-0.8579999999999999;-0.5520982789095539
-0.8569999999999999;-0.5510625280106121
-0.8559999999999999;-0.5500403941127509
-0.8549999999999999;-0.5490316753756381
-0.8539999999999999;-0.548036172491821
-0.8529999999999999;-0.5470536886577732
-0.8519999999999999;-0.546084029545236
-0.8509999999999999;-0.5451270032728519
-0.8499999999999999;-0.5441824203780851
-0.8489999999999999;-0.5432500937894309
-0.8479999999999999;-0.5423298387989081
-0.8469999999999999;-0.5414214730348315
-0.8459999999999999;-0.5405248164348649
-0.8449999999999999;-0.5396396912193504
-0.8439999999999999;-0.5387659218649087
-0.8429999999999999;-0.5379033350783166
-0.8419999999999999;-0.5370517597706472
-0.8409999999999999;-0.5362110270316808
-0.8399999999999999;-0.5353809701045776
-0.8389999999999999;-0.5345614243608146
-0.8379999999999999;-0.5337522272753795
-0.8369999999999999;-0.5329532184022236
-0.8359999999999999;-0.5321642393499678
-0.8349999999999999;-0.5313851337578626
-0.8339999999999999;-0.5306157472719972
-0.8329999999999999;-0.5298559275217569
-0.8319999999999999;-0.5291055240965267
-0.8309999999999998;-0.5283643885226366
-0.8299999999999998;-0.5276323742405504
-0.8289999999999998;-0.526909336582292
-0.8279999999999998;-0.5261951327491086
-0.8269999999999998;-0.5254896217893688
-0.8259999999999998;-0.5247926645766935
-0.8249999999999998;-0.524104123788317
-0.8239999999999998;-0.5234238638836753
-0.8229999999999998;-0.5227517510832227
-0.8219999999999998;-0.5220876533474705
-0.8209999999999998;-0.5214314403562483
-0.8199999999999998;-0.5207829834881862
-0.8189999999999998;-0.5201421558004127
-0.8179999999999998;-0.5195088320084711
-0.8169999999999998;-0.5188828884664483
-0.8159999999999998;-0.5182642031473152
-0.8149999999999998;-0.5176526556234785
-0.8139999999999998;-0.5170481270475386
-0.8129999999999998;-0.5164505001332556
-0.8119999999999998;-0.5158596591367172
-0.8109999999999998;-0.5152754898377105
-0.8099999999999998;-0.5146978795212946
-0.8089999999999998;-0.5141267169595686
-0.8079999999999998;-0.5135618923936395
-0.8069999999999998;-0.5130032975157831
-0.8059999999999998;-0.5124508254517988
-0.8049999999999998;-0.5119043707435535
-0.8039999999999998;-0.5113638293317182
-0.8029999999999998;-0.5108290985386875
-0.8019999999999998;-0.5103000770516896
-0.8009999999999998;-0.509776664906077
-0.7999999999999998;-0.5092587634688
-0.7989999999999998;-0.5087462754220616
-0.7979999999999998;-0.5082391047471504
-0.7969999999999998;-0.5077371567084515
-0.7959999999999998;-0.5072403378376301
-0.7949999999999998;-0.506748555917993
-0.7939999999999998;-0.5062617199690177
-0.7929999999999998;-0.5057797402310551
-0.7919999999999998;-0.5053025281502004
-0.7909999999999998;-0.5048299963633285
-0.7899999999999998;-0.5043620586832988
-0.7889999999999998;-0.503898630084321
-0.7879999999999998;-0.5034396266874843
-0.7869999999999998;-0.5029849657464481
-0.7859999999999998;-0.5025345656332898
-0.7849999999999998;-0.5020883458245127
-0.7839999999999998;-0.5016462268872073
-0.7829999999999998;-0.5012081304653708
-0.7819999999999998;-0.5007739792663766
-0.7809999999999998;-0.5003436970475956
-0.7799999999999998;-0.4999172086031701
-0.7789999999999998;-0.49949443975093405
-0.7779999999999998;-0.4990753173194808
-0.7769999999999998;-0.49865976913537746
-0.7759999999999998;-0.4982477240105232
-0.7749999999999998;-0.4978391117296502
-0.7739999999999998;-0.49743386303796644
-0.7729999999999998;-0.4970319096289383
-0.7719999999999998;-0.496633184132212
-0.7709999999999998;-0.49623762010167294
-0.7699999999999998;-0.49584515200363954
-0.7689999999999998;-0.49545571520519394
-0.7679999999999998;-0.4950692459626437
-0.7669999999999998;-0.494685681410117
-0.7659999999999998;-0.4943049595482883
-0.7649999999999998;-0.4939270192332322
-0.7639999999999998;-0.4935518001654077
-0.7629999999999998;-0.49317924287876636
-0.7619999999999998;-0.49280928872998825
-0.7609999999999998;-0.4924418798878411
-0.7599999999999998;-0.49207695932266315
-0.7589999999999998;-0.49171447079596625
-0.7579999999999998;-0.4913543588501615
-0.7569999999999998;-0.4909965687984032
-0.7559999999999998;-0.4906410467145503
-0.7549999999999998;-0.49028773942324655
-0.7539999999999998;-0.489936594490114
-0.7529999999999998;-0.48958756021206373
-0.7519999999999998;-0.48924058560771755
-0.7509999999999998;-0.4888956204079432
-0.7499999999999998;-0.48855261504650105
-0.7489999999999998;-0.48821152065079954
-0.7479999999999998;-0.48787228903276025
-0.7469999999999998;-0.48753487267979057
-0.7459999999999998;-0.4871992247458627
-0.7449999999999998;-0.48686529904269915
-0.7439999999999998;-0.48653305003106107
-0.7429999999999998;-0.48620243281214076
-0.7419999999999998;-0.4858734031190577
-0.7409999999999998;-0.485545917308453
-0.7399999999999998;-0.48521993235218724
-0.7389999999999998;-0.4848954058291346
-0.7379999999999998;-0.484572295917077
-0.7369999999999998;-0.484250561384695
-0.7359999999999998;-0.4839301615836538
-0.7349999999999998;-0.4836110564407857
-0.7339999999999998;-0.4832932064503659
-0.7329999999999998;-0.4829765726664807
-0.7319999999999998;-0.48266111669549017
-0.7309999999999998;-0.48234680068857894
-0.7299999999999998;-0.48203358733439977
-0.7289999999999998;-0.4817214398518046
-0.7279999999999998;-0.4814103219826654
-0.7269999999999998;-0.48110019798478065
-0.7259999999999998;-0.4807910326248705
-0.7249999999999998;-0.4804827911716549
-0.7239999999999998;-0.4801754393890189
-0.7229999999999998;-0.47986894352925985
-0.7219999999999998;-0.4795632703264185
-0.7209999999999998;-0.479258386989691
-0.7199999999999998;-0.47895426119692364
-0.7189999999999998;-0.478650861088186
-0.7179999999999997;-0.47834815525942465
-0.7169999999999997;-0.4780461127561951
-0.7159999999999997;-0.4777447030674712
-0.7149999999999997;-0.47744389611953136
-0.7139999999999997;-0.4771436622699215
-0.7129999999999997;-0.4768439723014919
-0.7119999999999997;-0.47654479741650957
-0.7109999999999997;-0.47624610923084354
-0.7099999999999997;-0.4759478797682238
-0.7089999999999997;-0.47565008145457044
-0.7079999999999997;-0.4753526871123962
-0.7069999999999997;-0.4750556699552776
-0.7059999999999997;-0.47475900358239725
-0.7049999999999997;-0.4744626619731535
-0.7039999999999997;-0.47416661948183964
-0.7029999999999997;-0.47387085083238956
-0.7019999999999997;-0.47357533111319083
-0.7009999999999997;-0.47328003577196265
-0.6999999999999997;-0.47298494061069996
-0.6989999999999997;-0.4726900217806821
-0.6979999999999997;-0.47239525577754393
-0.6969999999999997;-0.4721006194364119
-0.6959999999999997;-0.47180608992710077
-0.6949999999999997;-0.47151164474937296
-0.6939999999999997;-0.47121726172825884
-0.6929999999999997;-0.4709229190094367
-0.6919999999999997;-0.47062859505467364
-0.6909999999999997;-0.4703342686373233
-0.6899999999999997;-0.47003991883788465
-0.6889999999999997;-0.4697455250396156
-0.6879999999999997;-0.46945106692420613
-0.6869999999999997;-0.46915652446750555
-0.6859999999999997;-0.46886187793530804
-0.6849999999999997;-0.4685671078791903
-0.6839999999999997;-0.46827219513240587
-0.6829999999999997;-0.4679771208058331
-0.6819999999999997;-0.4676818662839754
-0.6809999999999997;-0.4673864132210146
-0.6799999999999997;-0.46709074353691715
-0.6789999999999997;-0.4667948394135902
-0.6779999999999997;-0.4664986832910901
-0.6769999999999997;-0.46620225786388
-0.6759999999999997;-0.4659055460771383
-0.6749999999999997;-0.4656085311231148
-0.6739999999999997;-0.46531119643753727
-0.6729999999999997;-0.4650135256960641
-0.6719999999999997;-0.4647155028107859
-0.6709999999999997;-0.46441711192677354
-0.6699999999999997;-0.46411833741867203
-0.6689999999999997;-0.46381916388734123
-0.6679999999999997;-0.4635195761565411
-0.6669999999999997;-0.4632195592696618
-0.6659999999999997;-0.4629190984864989
-0.6649999999999997;-0.462618179280071
-0.6639999999999997;-0.46231678733348186
-0.6629999999999997;-0.462014908536824
-0.6619999999999997;-0.46171252898412585
-0.6609999999999997;-0.46140963497033993
-0.6599999999999997;-0.4611062129883719
-0.6589999999999997;-0.4608022497261512
-0.6579999999999997;-0.4604977320637416
-0.6569999999999997;-0.46019264707049135
-0.6559999999999997;-0.45988698200222283
-0.6549999999999997;-0.4595807242984616
-0.6539999999999997;-0.45927386157970235
-0.6529999999999997;-0.45896638164471515
-0.6519999999999997;-0.4586582724678863
-0.6509999999999997;-0.45834952219659963
-0.6499999999999997;-0.45804011914865045
-0.6489999999999997;-0.4577300518096996
-0.6479999999999997;-0.4574193088307601
-0.6469999999999997;-0.45710787902572164
-0.6459999999999997;-0.45679575136890754
-0.6449999999999997;-0.45648291499266813
-0.6439999999999997;-0.456169359185007
-0.6429999999999997;-0.45585507338724185
-0.6419999999999997;-0.4555400471916971
-0.6409999999999997;-0.45522427033943125
-0.6399999999999997;-0.4549077327179946
-0.6389999999999997;-0.45459042435922126
-0.6379999999999997;-0.45427233543705026
-0.6369999999999997;-0.45395345626538025
-0.6359999999999997;-0.4536337772959537
-0.6349999999999997;-0.45331328911627194
-0.6339999999999997;-0.45299198244753996
-0.6329999999999997;-0.45266984814264194
-0.6319999999999997;-0.45234687718414535
-0.6309999999999997;-0.452023060682334
-0.6299999999999997;-0.45169838987327016
-0.6289999999999997;-0.45137285611688466
-0.6279999999999997;-0.45104645089509565
-0.6269999999999997;-0.45071916580995364
-0.6259999999999997;-0.45039099258181503
-0.6249999999999997;-0.4500619230475421
-0.6239999999999997;-0.4497319491587295
-0.6229999999999997;-0.44940106297995674
-0.6219999999999997;-0.4490692566870677
-0.6209999999999997;-0.44873652256547436
-0.6199999999999997;-0.4484028530084864
-0.6189999999999997;-0.4480682405156662
-0.6179999999999997;-0.4477326776912075
-0.6169999999999997;-0.44739615724233933
-0.6159999999999997;-0.44705867197775356
-0.6149999999999997;-0.4467202148060558
-0.6139999999999997;-0.4463807787342403
-0.6129999999999997;-0.4460403568661879
-0.6119999999999997;-0.44569894240118624
-0.6109999999999997;-0.4453565286324731
-0.6099999999999997;-0.4450131089458019
-0.6089999999999997;-0.4446686768180288
-0.6079999999999997;-0.4443232258157215
-0.6069999999999997;-0.4439767495937901
-0.6059999999999997;-0.443629241894138
-0.6049999999999996;-0.443280696544335
-0.6039999999999996;-0.44293110745630904
-0.6029999999999996;-0.44258046862506084
-0.6019999999999996;-0.44222877412739553
-0.6009999999999996;-0.44187601812067706
-0.5999999999999996;-0.4415221948415999
-0.5989999999999996;-0.44116729860498094
-0.5979999999999996;-0.4408113238025706
-0.5969999999999996;-0.44045426490188194
-0.5959999999999996;-0.4400961164450393
-0.5949999999999996;-0.4397368730476439
-0.5939999999999996;-0.43937652939765887
-0.5929999999999996;-0.43901508025431113
-0.5919999999999996;-0.4386525204470111
-0.5909999999999996;-0.43828884487428954
-0.5899999999999996;-0.4379240485027523
-0.5889999999999996;-0.4375581263660506
-0.5879999999999996;-0.43719107356386916
-0.5869999999999996;-0.4368228852609296
-0.5859999999999996;-0.4364535566860117
-0.5849999999999996;-0.43608308313098876
-0.5839999999999996;-0.43571145994987953
-0.5829999999999996;-0.43533868255791675
-0.5819999999999996;-0.4349647464306286
-0.5809999999999996;-0.43458964710293774
-0.5799999999999996;-0.4342133801682738
-0.5789999999999996;-0.43383594127770125
-0.5779999999999996;-0.4334573261390612
-0.5769999999999996;-0.4330775305161284
-0.5759999999999996;-0.43269655022778125
-0.5749999999999996;-0.432314381147187
-0.5739999999999996;-0.43193101920099963
-0.5729999999999996;-0.4315464603685718
-0.5719999999999996;-0.4311607006811801
-0.5709999999999996;-0.43077373622126347
-0.5699999999999996;-0.43038556312167453
-0.5689999999999996;-0.42999617756494407
-0.5679999999999996;-0.42960557578255737
-0.5669999999999996;-0.4292137540542442
-0.5659999999999996;-0.42882070870728
-0.5649999999999996;-0.42842643611579984
-0.5639999999999996;-0.42803093270012404
-0.5629999999999996;-0.4276341949260955
-0.5619999999999996;-0.42723621930442945
-0.5609999999999996;-0.42683700239007283
-0.5599999999999996;-0.4264365407815775
-0.5589999999999996;-0.42603483112048235
-0.5579999999999996;-0.4256318700907073
-0.5569999999999996;-0.42522765441795835
-0.5559999999999996;-0.42482218086914325
-0.5549999999999996;-0.4244154462517965
-0.5539999999999996;-0.4240074474135169
-0.5529999999999996;-0.4235981812414131
-0.5519999999999996;-0.42318764466156056
-0.5509999999999996;-0.4227758346384683
-0.5499999999999996;-0.4223627481745547
-0.5489999999999996;-0.42194838230963383
-0.5479999999999996;-0.4215327341204107
-0.5469999999999996;-0.42111580071998617
-0.5459999999999996;-0.4206975792573709
-0.5449999999999996;-0.420278066917008
-0.5439999999999996;-0.41985726091830594
-0.5429999999999996;-0.419435158515179
-0.5419999999999996;-0.41901175699559656
-0.5409999999999996;-0.4185870536811418
-0.5399999999999996;-0.418161045926578
-0.5389999999999996;-0.417733731119423
-0.5379999999999996;-0.41730510667953347
-0.5369999999999996;-0.4168751700586947
-0.5359999999999996;-0.41644391874022074
-0.5349999999999996;-0.41601135023856084
-0.5339999999999996;-0.4155774620989142
-0.5329999999999996;-0.41514225189685244
-0.5319999999999996;-0.4147057172379489
-0.5309999999999996;-0.41426785575741637
-0.5299999999999996;-0.41382866511975075
-0.5289999999999996;-0.41338814301838345
-0.5279999999999996;-0.4129462871753391
-0.5269999999999996;-0.4125030953409017
-0.5259999999999996;-0.4120585652932863
-0.5249999999999996;-0.4116126948383194
-0.5239999999999996;-0.4111654818091227
-0.5229999999999996;-0.4107169240658069
-0.5219999999999996;-0.41026701949516964
-0.5209999999999996;-0.40981576601040093
-0.5199999999999996;-0.4093631615507933
-0.5189999999999996;-0.4089092040814604
-0.5179999999999996;-0.4084538915930597
-0.5169999999999996;-0.4079972221015217
-0.5159999999999996;-0.40753919364778496
-0.5149999999999996;-0.40707980429753765
-0.5139999999999996;-0.40661905214096333
-0.5129999999999996;-0.4061569352924937
-0.5119999999999996;-0.40569345189056527
-0.5109999999999996;-0.4052286000973837
-0.5099999999999996;-0.404762378098691
-0.5089999999999996;-0.40429478410353953
-0.5079999999999996;-0.4038258163440706
-0.5069999999999996;-0.4033554730752985
-0.5059999999999996;-0.4028837525748986
-0.5049999999999996;-0.4024106531430019
-0.5039999999999996;-0.4019361731019924
-0.5029999999999996;-0.4014603107963115
-0.5019999999999996;-0.4009830645922648
-0.5009999999999996;-0.4005044328778352
-0.49999999999999956;-0.40002441406249983
-0.49899999999999956;-0.39954300657705116
-0.49799999999999955;-0.39906020887342303
-0.49699999999999955;-0.398576019424521
-0.49599999999999955;-0.398090436724056
-0.49499999999999955;-0.39760345928638346
-0.49399999999999955;-0.39711508564634546
-0.49299999999999955;-0.3966253143591176
-0.49199999999999955;-0.3961341440000591
-0.49099999999999955;-0.39564157316456794
-0.48999999999999955;-0.39514760046793845
-0.48899999999999955;-0.3946522245452235
-0.48799999999999955;-0.3941554440511002
-0.48699999999999954;-0.3936572576597395
-0.48599999999999954;-0.3931576640646786
-0.48499999999999954;-0.3926566619786978
-0.48399999999999954;-0.3921542501336996
-0.48299999999999954;-0.3916504272805931
-0.48199999999999954;-0.3911451921891795
-0.48099999999999954;-0.3906385436480423
-0.47999999999999954;-0.3901304804644405
-0.47899999999999954;-0.38962100146420464
-0.47799999999999954;-0.38911010549163594
-0.47699999999999954;-0.3885977914094089
-0.47599999999999953;-0.38808405809847674
-0.47499999999999953;-0.38756890445797915
-0.47399999999999953;-0.38705232940515405
-0.47299999999999953;-0.3865343318752513
-0.47199999999999953;-0.3860149108214493
-0.47099999999999953;-0.38549406521477475
-0.46999999999999953;-0.3849717940440253
-0.46899999999999953;-0.38444809631569343
-0.4679999999999995;-0.38392297105389456
-0.4669999999999995;-0.3833964173002968
-0.4659999999999995;-0.38286843411405347
-0.4649999999999995;-0.3823390205717381
-0.4639999999999995;-0.38180817576728143
-0.4629999999999995;-0.38127589881191176
-0.4619999999999995;-0.38074218883409594
-0.4609999999999995;-0.38020704497948454
-0.4599999999999995;-0.37967046641085783
-0.4589999999999995;-0.37913245230807485
-0.4579999999999995;-0.37859300186802347
-0.4569999999999995;-0.37805211430457436
-0.4559999999999995;-0.3775097888485352
-0.4549999999999995;-0.3769660247476079
-0.4539999999999995;-0.3764208212663474
-0.4529999999999995;-0.37587417768612313
-0.4519999999999995;-0.3753260933050815
-0.4509999999999995;-0.3747765674381102
-0.4499999999999995;-0.37422559941680555
-0.4489999999999995;-0.3736731885894401
-0.4479999999999995;-0.3731193343209332
-0.4469999999999995;-0.3725640359928226
-0.4459999999999995;-0.37200729300323787
-0.4449999999999995;-0.37144910476687565
-0.4439999999999995;-0.37088947071497635
-0.4429999999999995;-0.3703283902953026
-0.4419999999999995;-0.3697658629721193
-0.4409999999999995;-0.36920188822617417
-0.4399999999999995;-0.36863646555468194
-0.4389999999999995;-0.36806959447130777
-0.4379999999999995;-0.36750127450615333
-0.4369999999999995;-0.3669315052057441
-0.4359999999999995;-0.3663602861330177
-0.4349999999999995;-0.3657876168673137
-0.4339999999999995;-0.36521349700436523
-0.4329999999999995;-0.364637926156291
-0.4319999999999995;-0.364060903951589
-0.4309999999999995;-0.3634824300351318
-0.4299999999999995;-0.36290250406816227
-0.4289999999999995;-0.3623211257282909
-0.4279999999999995;-0.36173829470949465
-0.4269999999999995;-0.36115401072211556
-0.4259999999999995;-0.36056827349286236
-0.4249999999999995;-0.3599810827648115
-0.4239999999999995;-0.3593924382974101
-0.4229999999999995;-0.3588023398664792
-0.4219999999999995;-0.3582107872642193
-0.4209999999999995;-0.357617780299215
-0.4199999999999995;-0.35702331879644256
-0.4189999999999995;-0.3564274025972764
-0.4179999999999995;-0.3558300315594983
-0.4169999999999995;-0.35523120555730614
-0.4159999999999995;-0.3546309244813241
-0.4149999999999995;-0.35402918823861385
-0.4139999999999995;-0.35342599675268566
-0.4129999999999995;-0.3528213499635115
-0.4119999999999995;-0.3522152478275377
-0.4109999999999995;-0.35160769031769945
-0.4099999999999995;-0.3509986774234352
-0.4089999999999995;-0.3503882091507018
-0.4079999999999995;-0.34977628552199136
-0.4069999999999995;-0.34916290657634674
-0.4059999999999995;-0.3485480723693802
-0.40499999999999947;-0.34793178297329014
-0.40399999999999947;-0.3473140384768808
-0.40299999999999947;-0.34669483898558046
-0.40199999999999947;-0.34607418462146133
-0.40099999999999947;-0.3454520755232604
-0.39999999999999947;-0.3448285118463997
-0.39899999999999947;-0.34420349376300713
-0.39799999999999947;-0.34357702146193914
-0.39699999999999946;-0.3429490951488022
-0.39599999999999946;-0.3423197150459763
-0.39499999999999946;-0.3416888813926369
-0.39399999999999946;-0.3410565944447796
-0.39299999999999946;-0.3404228544752435
-0.39199999999999946;-0.3397876617737357
-0.39099999999999946;-0.339151016646856
-0.38999999999999946;-0.33851291941812184
-0.38899999999999946;-0.3378733704279942
-0.38799999999999946;-0.33723237003390266
-0.38699999999999946;-0.33658991861027215
-0.38599999999999945;-0.3359460165485489
-0.38499999999999945;-0.335300664257227
-0.38399999999999945;-0.3346538621618762
-0.38299999999999945;-0.33400561070516793
-0.38199999999999945;-0.3333559103469034
-0.38099999999999945;-0.3327047615640413
-0.37999999999999945;-0.33205216485072536
-0.37899999999999945;-0.33139812071831304
-0.37799999999999945;-0.33074262969540313
-0.37699999999999945;-0.33008569232786455
-0.37599999999999945;-0.32942730917886537
-0.37499999999999944;-0.3287674808289008
-0.37399999999999944;-0.328106207875823
-0.37299999999999944;-0.32744349093486935
-0.37199999999999944;-0.32677933063869247
-0.37099999999999944;-0.326113727637389
-0.36999999999999944;-0.32544668259852894
-0.36899999999999944;-0.3247781962071855
-0.36799999999999944;-0.3241082691659648
-0.36699999999999944;-0.3234369021950348
-0.36599999999999944;-0.3227640960321556
-0.36499999999999944;-0.3220898514327092
-0.36399999999999944;-0.32141416916972876
-0.36299999999999943;-0.32073705003392916
-0.36199999999999943;-0.3200584948337358
-0.36099999999999943;-0.31937850439531557
-0.35999999999999943;-0.3186970795626056
-0.35899999999999943;-0.31801422119734385
-0.35799999999999943;-0.3173299301790982
-0.35699999999999943;-0.3166442074052969
-0.35599999999999943;-0.31595705379125755
-0.3549999999999994;-0.3152684702702172
-0.3539999999999994;-0.3145784577933615
-0.3529999999999994;-0.3138870173298548
-0.3519999999999994;-0.313194149866869
-0.3509999999999994;-0.31249985640961303
-0.3499999999999994;-0.311804137981362
-0.3489999999999994;-0.31110699562348676
-0.3479999999999994;-0.31040843039548227
-0.3469999999999994;-0.3097084433749969
-0.3459999999999994;-0.309007035657861
-0.3449999999999994;-0.30830420835811545
-0.3439999999999994;-0.30759996260804034
-0.3429999999999994;-0.30689429955818326
-0.3419999999999994;-0.306187220377387
-0.3409999999999994;-0.30547872625281824
-0.3399999999999994;-0.3047688183899946
-0.3389999999999994;-0.30405749801281307
-0.3379999999999994;-0.3033447663635764
-0.3369999999999994;-0.3026306247030213
-0.3359999999999994;-0.30191507431034487
-0.3349999999999994;-0.3011981164832318
-0.3339999999999994;-0.30047975253788045
-0.3329999999999994;-0.2997599838090297
-0.3319999999999994;-0.2990388116499847
-0.3309999999999994;-0.29831623743264296
-0.3299999999999994;-0.2975922625475201
-0.3289999999999994;-0.2968668884037748
-0.3279999999999994;-0.2961401164292345
-0.3269999999999994;-0.2954119480704197
-0.3259999999999994;-0.29468238479256886
-0.3249999999999994;-0.2939514280796628
-0.3239999999999994;-0.2932190794344485
-0.3229999999999994;-0.29248534037846285
-0.3219999999999994;-0.2917502124520564
-0.3209999999999994;-0.2910136972144159
-0.3199999999999994;-0.29027579624358796
-0.3189999999999994;-0.28953651113650103
-0.3179999999999994;-0.2887958435089873
-0.3169999999999994;-0.28805379499580563
-0.3159999999999994;-0.2873103672506621
-0.3149999999999994;-0.28656556194623173
-0.3139999999999994;-0.28581938077417923
-0.3129999999999994;-0.2850718254451796
-0.3119999999999994;-0.28432289768893837
-0.3109999999999994;-0.28357259925421113
-0.3099999999999994;-0.2828209319088235
-0.3089999999999994;-0.28206789743969
-0.3079999999999994;-0.28131349765283264
-0.3069999999999994;-0.2805577343733996
-0.3059999999999994;-0.27980060944568313
-0.3049999999999994;-0.27904212473313694
-0.3039999999999994;-0.27828228211839384
-0.3029999999999994;-0.27752108350328225
-0.3019999999999994;-0.2767585308088427
-0.3009999999999994;-0.2759946259753443
-0.2999999999999994;-0.27522937096229944
-0.2989999999999994;-0.2744627677484803
-0.2979999999999994;-0.27369481833193215
-0.2969999999999994;-0.2729255247299892
-0.2959999999999994;-0.2721548889792878
-0.2949999999999994;-0.2713829131357799
-0.2939999999999994;-0.27060959927474676
-0.29299999999999937;-0.2698349494908112
-0.29199999999999937;-0.2690589658979497
-0.29099999999999937;-0.2682816506295049
-0.28999999999999937;-0.267503005838196
-0.28899999999999937;-0.2667230336961307
-0.28799999999999937;-0.265941736394815
-0.28699999999999937;-0.2651591161451634
-0.28599999999999937;-0.2643751751775084
-0.28499999999999936;-0.26358991574160995
-0.28399999999999936;-0.26280334010666334
-0.28299999999999936;-0.26201545056130787
-0.28199999999999936;-0.2612262494136348
-0.28099999999999936;-0.2604357389911939
-0.27999999999999936;-0.25964392164100036
-0.27899999999999936;-0.2588507997295416
-0.27799999999999936;-0.25805637564278217
-0.27699999999999936;-0.2572606517861696
-0.27599999999999936;-0.2564636305846388
-0.27499999999999936;-0.2556653144826171
-0.27399999999999936;-0.2548657059440267
-0.27299999999999935;-0.2540648074522895
-0.27199999999999935;-0.25326262151032836
-0.27099999999999935;-0.25245915064057073
-0.26999999999999935;-0.2516543973849493
-0.26899999999999935;-0.2508483643049042
-0.26799999999999935;-0.2500410539813827
-0.26699999999999935;-0.24923246901484045
-0.26599999999999935;-0.24842261202524052
-0.26499999999999935;-0.24761148565205277
-0.26399999999999935;-0.24679909255425242
-0.26299999999999935;-0.24598543541031823
-0.26199999999999934;-0.24517051691823008
-0.26099999999999934;-0.24435433979546592
-0.25999999999999934;-0.24353690677899847
-0.25899999999999934;-0.24271822062529097
-0.25799999999999934;-0.24189828411029268
-0.25699999999999934;-0.2410771000294339
-0.25599999999999934;-0.2402546711976202
-0.25499999999999934;-0.23943100044922608
-0.25399999999999934;-0.23860609063808846
-0.25299999999999934;-0.23777994463749927
-0.25199999999999934;-0.23695256534019757
-0.25099999999999933;-0.23612395565836103
-0.24999999999999933;-0.23529411852359716
-0.24899999999999933;-0.2344630568869337
-0.24799999999999933;-0.23363077371880833
-0.24699999999999933;-0.2327972720090583
-0.24599999999999933;-0.23196255476690902
-0.24499999999999933;-0.2311266250209622
-0.24399999999999933;-0.23028948581918374
-0.24299999999999933;-0.22945114022889043
-0.24199999999999933;-0.22861159133673678
-0.24099999999999933;-0.22777084224870062
-0.23999999999999932;-0.22692889609006872
-0.23899999999999932;-0.22608575600542133
-0.23799999999999932;-0.22524142515861645
-0.23699999999999932;-0.22439590673277332
-0.23599999999999932;-0.22354920393025565
-0.23499999999999932;-0.22270131997265377
-0.23399999999999932;-0.22185225810076661
-0.23299999999999932;-0.22100202157458304
-0.23199999999999932;-0.22015061367326233
-0.23099999999999932;-0.21929803769511422
-0.22999999999999932;-0.2184442969575787
-0.22899999999999932;-0.21758939479720454
-0.22799999999999931;-0.2167333345696278
-0.2269999999999993;-0.2158761196495494
-0.2259999999999993;-0.21501775343071225
-0.2249999999999993;-0.21415823932587788
-0.2239999999999993;-0.21329758076680214
-0.2229999999999993;-0.21243578120421058
-0.2219999999999993;-0.2115728441077733
-0.2209999999999993;-0.21070877296607876
-0.2199999999999993;-0.2098435712866076
-0.2189999999999993;-0.20897724259570524
-0.2179999999999993;-0.20810979043855435
-0.2169999999999993;-0.20724121837914652
-0.2159999999999993;-0.20637153000025318
-0.2149999999999993;-0.20550072890339635
-0.2139999999999993;-0.20462881870881824
-0.2129999999999993;-0.20375580305545068
-0.2119999999999993;-0.20288168560088368
-0.2109999999999993;-0.20200647002133332
-0.2099999999999993;-0.20113016001160966
-0.2089999999999993;-0.200252759285083
-0.2079999999999993;-0.19937427157365026
-0.2069999999999993;-0.19849470062770083
-0.2059999999999993;-0.1976140502160812
-0.2049999999999993;-0.19673232412605954
-0.2039999999999993;-0.19584952616328932
-0.2029999999999993;-0.19496566015177255
-0.2019999999999993;-0.1940807299338223
-0.2009999999999993;-0.19319473937002446
-0.1999999999999993;-0.19230769233919937
-0.1989999999999993;-0.1914195927383621
-0.1979999999999993;-0.19053044448268264
-0.1969999999999993;-0.18964025150544575
-0.19599999999999929;-0.18874901775800912
-0.19499999999999929;-0.18785674720976211
-0.19399999999999928;-0.18696344384808325
-0.19299999999999928;-0.186069111678297
-0.19199999999999928;-0.18517375472363048
-0.19099999999999928;-0.18427737702516897
-0.18999999999999928;-0.1833799826418111
-0.18899999999999928;-0.18248157565022347
-0.18799999999999928;-0.1815821601447946
-0.18699999999999928;-0.18068174023758815
-0.18599999999999928;-0.1797803200582955
-0.18499999999999928;-0.17887790375418824
-0.18399999999999928;-0.17797449549006897
-0.18299999999999927;-0.1770700994482228
-0.18199999999999927;-0.17616471982836737
-0.18099999999999927;-0.17525836084760227
-0.17999999999999927;-0.17435102674035835
-0.17899999999999927;-0.1734427217583459
-0.17799999999999927;-0.17253345017050267
-0.17699999999999927;-0.1716232162629409
-0.17599999999999927;-0.17071202433889376
-0.17499999999999927;-0.16979987871866178
-0.17399999999999927;-0.16888678373955782
-0.17299999999999927;-0.1679727437558517
-0.17199999999999926;-0.16705776313871493
-0.17099999999999926;-0.16614184627616368
-0.16999999999999926;-0.16522499757300194
-0.16899999999999926;-0.16430722145076404
-0.16799999999999926;-0.16338852234765588
-0.16699999999999926;-0.16246890471849668
-0.16599999999999926;-0.16154837303465897
-0.16499999999999926;-0.16062693178400886
-0.16399999999999926;-0.1597045854708452
-0.16299999999999926;-0.15878133861583849
-0.16199999999999926;-0.15785719575596874
-0.16099999999999925;-0.1569321614444632
-0.15999999999999925;-0.15600624025073348
-0.15899999999999925;-0.1550794367603113
-0.15799999999999925;-0.154151755574785
-0.15699999999999925;-0.15322320131173428
-0.15599999999999925;-0.1522937786046648
-0.15499999999999925;-0.15136349210294223
-0.15399999999999925;-0.1504323464717257
-0.15299999999999925;-0.14950034639190063
-0.15199999999999925;-0.14856749656001092
-0.15099999999999925;-0.14763380168819065
-0.14999999999999925;-0.14669926650409504
-0.14899999999999924;-0.14576389575083118
-0.14799999999999924;-0.14482769418688773
-0.14699999999999924;-0.1438906665860644
-0.14599999999999924;-0.14295281773740073
-0.14499999999999924;-0.1420141524451043
-0.14399999999999924;-0.14107467552847813
-0.14299999999999924;-0.1401343918218481
-0.14199999999999924;-0.13919330617448933
-0.14099999999999924;-0.1382514234505519
-0.13999999999999924;-0.1373087485289867
-0.13899999999999924;-0.13636528630346967
-0.13799999999999923;-0.1354210416823264
-0.13699999999999923;-0.13447601958845595
-0.13599999999999923;-0.1335302249592536
-0.13499999999999923;-0.13258366274653383
-0.13399999999999923;-0.1316363379164521
-0.13299999999999923;-0.1306882554494264
-0.13199999999999923;-0.12973942034005845
-0.13099999999999923;-0.12878983759705365
-0.12999999999999923;-0.12783951224314136
-0.12899999999999923;-0.12688844931499405
-0.12799999999999923;-0.125936653863146
-0.12699999999999922;-0.12498413095191194
-0.12599999999999922;-0.12403088565930416
-0.12499999999999922;-0.12307692307695033
-0.12399999999999922;-0.12212224831000973
-0.12299999999999922;-0.12116686647708967
-0.12199999999999922;-0.12021078271016095
-0.12099999999999922;-0.11925400215447307
-0.11999999999999922;-0.1182965299684687
-0.11899999999999922;-0.11733837132369795
-0.11799999999999922;-0.11637953140473173
-0.11699999999999922;-0.11542001540907494
-0.11599999999999921;-0.114459828547079
-0.11499999999999921;-0.11349897604185387
-0.11399999999999921;-0.11253746312917955
-0.11299999999999921;-0.11157529505741733
-0.11199999999999921;-0.1106124770874201
-0.11099999999999921;-0.10964901449244263
-0.10999999999999921;-0.10868491255805098
-0.10899999999999921;-0.10772017658203174
-0.10799999999999921;-0.10675481187430057
-0.1069999999999992;-0.10578882375681027
-0.1059999999999992;-0.1048222175634586
-0.1049999999999992;-0.10385499863999537
-0.1039999999999992;-0.10288717234392908
-0.1029999999999992;-0.10191874404443338
-0.1019999999999992;-0.10094971912225263
-0.1009999999999992;-0.09998010296960741
-0.0999999999999992;-0.09900990099009922
-0.0989999999999992;-0.09803911859861504
-0.0979999999999992;-0.09706776122123124
-0.0969999999999992;-0.09609583429511709
-0.0959999999999992;-0.09512334326843783
-0.0949999999999992;-0.09415029360025735
-0.0939999999999992;-0.09317669076044036
-0.0929999999999992;-0.09220254022955413
-0.0919999999999992;-0.09122784749876989
-0.09099999999999919;-0.09025261806976373
-0.08999999999999919;-0.08927685745461703
-0.08899999999999919;-0.08830057117571653
-0.08799999999999919;-0.08732376476565414
-0.08699999999999919;-0.08634644376712595
-0.08599999999999919;-0.08536861373283128
-0.08499999999999919;-0.08439028022537097
-0.08399999999999919;-0.08341144881714549
-0.08299999999999919;-0.08243212509025251
-0.08199999999999918;-0.08145231463638421
-0.08099999999999918;-0.08047202305672407
-0.07999999999999918;-0.07949125596184342
-0.07899999999999918;-0.07851001897159747
-0.07799999999999918;-0.07752831771502101
-0.07699999999999918;-0.07654615783022381
-0.07599999999999918;-0.0755635449642855
-0.07499999999999918;-0.07458048477315023
-0.07399999999999918;-0.07359698292152096
-0.07299999999999918;-0.0726130450827532
-0.07199999999999918;-0.0716286769387487
-0.07099999999999917;-0.07064388417984858
-0.06999999999999917;-0.06965867250472604
-0.06899999999999917;-0.06867304762027904
-0.06799999999999917;-0.06768701524152239
-0.06699999999999917;-0.06670058109147954
-0.06599999999999917;-0.0657137509010741
-0.06499999999999917;-0.06472653040902107
-0.06399999999999917;-0.06373892536171757
-0.06299999999999917;-0.06275094151313355
-0.06199999999999917;-0.06176258462470183
-0.060999999999999166;-0.060773860465208135
-0.059999999999999165;-0.05978477481068072
-0.058999999999999164;-0.058795333444279625
-0.05799999999999916;-0.05780554215618575
-0.05699999999999916;-0.05681540674348957
-0.05599999999999916;-0.05582493301007956
-0.05499999999999916;-0.05483412676653041
-0.05399999999999916;-0.053842993829990915
-0.05299999999999916;-0.052851540024071546
-0.05199999999999916;-0.051859771178731875
-0.05099999999999916;-0.0508676931301676
-0.049999999999999156;-0.04987531172069742
-0.048999999999999155;-0.0488826327986496
-0.047999999999999154;-0.047889662218248315
-0.046999999999999154;-0.04689640583949971
-0.04599999999999915;-0.04590286952807775
-0.04499999999999915;-0.044909059155209846
-0.04399999999999915;-0.04391498059756228
-0.04299999999999915;-0.04292063973712521
-0.04199999999999915;-0.04192604246109779
-0.04099999999999915;-0.04093119466177272
-0.03999999999999915;-0.039936102236420884
-0.038999999999999146;-0.03894077108717556
-0.037999999999999146;-0.03794520712091655
-0.036999999999999145;-0.03694941624915405
-0.035999999999999144;-0.035953404387912405
-0.03499999999999914;-0.03495717745761357
-0.03399999999999914;-0.033960741382960444
-0.03299999999999914;-0.032964102092820066
-0.03199999999999914;-0.03196726552010656
-0.03099999999999914;-0.030970237601663946
-0.02999999999999914;-0.029973024278148803
-0.028999999999999138;-0.02897563149391276
-0.027999999999999137;-0.02797806519688478
-0.026999999999999136;-0.0269803313384534
-0.025999999999999135;-0.025982435873348753
-0.024999999999999134;-0.02498438475952443
-0.023999999999999133;-0.023986183958039305
-0.022999999999999132;-0.02298783943293911
-0.02199999999999913;-0.02198935715113798
-0.02099999999999913;-0.020990743082299836
-0.01999999999999913;-0.019992003198719646
-0.01899999999999913;-0.01899314347520458
-0.017999999999999128;-0.017994169888955105
-0.016999999999999127;-0.016995088419445907
-0.015999999999999126;-0.015995905048306763
-0.014999999999999125;-0.014996625759203304
-0.013999999999999124;-0.013997256537717733
-0.012999999999999123;-0.012997803371229386
-0.011999999999999122;-0.011998272248795296
-0.010999999999999122;-0.010998669161030636
-0.00999999999999912;-0.009999000099989122
-0.00899999999999912;-0.008999271059043338
-0.007999999999999119;-0.007999488032765022
-0.006999999999999119;-0.006999657016805296
-0.005999999999999119;-0.005999784007774839
-0.004999999999999119;-0.004999875003124041
-0.003999999999999119;-0.0039999360010231026
-0.002999999999999119;-0.0029999730002421166
-0.001999999999999119;-0.0019999920000311187
-0.0009999999999991188;-0.000999999000000119
8.81239525796218E-16;8.81239525796218E-16
0.0010000000000008813;0.0009999990000018814
0.0020000000000008813;0.001999992000032881
0.0030000000000008813;0.002999973000243879
0.004000000000000881;0.003999936001024865
0.005000000000000881;0.004999875003125803
0.006000000000000881;0.005999784007776602
0.007000000000000881;0.006999657016807059
0.008000000000000881;0.007999488032766785
0.009000000000000882;0.0089992710590451
0.010000000000000883;0.009999000099990883
0.011000000000000884;0.010998669161032398
0.012000000000000885;0.011998272248797057
0.013000000000000886;0.012997803371231147
0.014000000000000887;0.013997256537719494
0.015000000000000888;0.014996625759205066
0.01600000000000089;0.01599590504830852
0.01700000000000089;0.016995088419447666
0.01800000000000089;0.017994169888956867
0.01900000000000089;0.01899314347520634
0.020000000000000892;0.019992003198721405
0.021000000000000893;0.0209907430823016
0.022000000000000894;0.02198935715113974
0.023000000000000895;0.02298783943294087
0.024000000000000896;0.023986183958041064
0.025000000000000897;0.02498438475952619
0.026000000000000897;0.02598243587335051
0.0270000000000009;0.02698033133845516
0.0280000000000009;0.027978065196886538
0.0290000000000009;0.028975631493914515
0.0300000000000009;0.029973024278150562
0.031000000000000902;0.030970237601665705
0.0320000000000009;0.03196726552010831
0.033000000000000904;0.03296410209282183
0.034000000000000904;0.0339607413829622
0.035000000000000905;0.03495717745761533
0.036000000000000906;0.03595340438791416
0.03700000000000091;0.036949416249155806
0.03800000000000091;0.037945207120918305
0.03900000000000091;0.03894077108717731
0.04000000000000091;0.03993610223642264
0.04100000000000091;0.040931194661774466
0.04200000000000091;0.04192604246109954
0.04300000000000091;0.04292063973712696
0.04400000000000091;0.04391498059756403
0.045000000000000914;0.0449090591552116
0.046000000000000915;0.0459028695280795
0.047000000000000916;0.046896405839501464
0.04800000000000092;0.04788966221825006
0.04900000000000092;0.04888263279865135
0.05000000000000092;0.049875311720699166
0.05100000000000092;0.050867693130169346
0.05200000000000092;0.051859771178733624
0.05300000000000092;0.052851540024073294
0.05400000000000092;0.053842993829992664
0.05500000000000092;0.054834126766532154
0.056000000000000924;0.055824933010081304
0.057000000000000925;0.056815406743491316
0.058000000000000926;0.057805542156187495
0.05900000000000093;0.05879533344428137
0.06000000000000093;0.05978477481068247
0.06100000000000093;0.06077386046520988
0.06200000000000093;0.06176258462470357
0.06300000000000093;0.06275094151313529
0.06400000000000093;0.06373892536171932
0.06500000000000093;0.0647265304090228
0.06600000000000093;0.06571375090107584
0.06700000000000093;0.06670058109148129
0.06800000000000093;0.06768701524152412
0.06900000000000094;0.06867304762028077
0.07000000000000094;0.06965867250472778
0.07100000000000094;0.07064388417985032
0.07200000000000094;0.07162867693875044
0.07300000000000094;0.07261304508275493
0.07400000000000094;0.0735969829215227
0.07500000000000094;0.07458048477315196
0.07600000000000094;0.07556354496428722
0.07700000000000094;0.07654615783022553
0.07800000000000094;0.07752831771502275
0.07900000000000094;0.0785100189715992
0.08000000000000095;0.07949125596184516
0.08100000000000095;0.0804720230567258
0.08200000000000095;0.08145231463638593
0.08300000000000095;0.08243212509025423
0.08400000000000095;0.08341144881714722
0.08500000000000095;0.08439028022537269
0.08600000000000095;0.085368613732833
0.08700000000000095;0.08634644376712768
0.08800000000000095;0.08732376476565586
0.08900000000000095;0.08830057117571825
0.09000000000000095;0.08927685745461875
0.09100000000000096;0.09025261806976545
0.09200000000000096;0.09122784749877161
0.09300000000000096;0.09220254022955585
0.09400000000000096;0.09317669076044208
0.09500000000000096;0.09415029360025907
0.09600000000000096;0.09512334326843955
0.09700000000000096;0.0960958342951188
0.09800000000000096;0.09706776122123296
0.09900000000000096;0.09803911859861676
0.10000000000000096;0.09900990099010093
0.10100000000000096;0.09998010296960912
0.10200000000000096;0.10094971912225434
0.10300000000000097;0.10191874404443509
0.10400000000000097;0.10288717234393079
0.10500000000000097;0.10385499863999706
0.10600000000000097;0.1048222175634603
0.10700000000000097;0.10578882375681196
0.10800000000000097;0.10675481187430226
0.10900000000000097;0.10772017658203345
0.11000000000000097;0.10868491255805267
0.11100000000000097;0.10964901449244432
0.11200000000000097;0.11061247708742179
0.11300000000000097;0.11157529505741902
0.11400000000000098;0.11253746312918124
0.11500000000000098;0.11349897604185556
0.11600000000000098;0.1144598285470807
0.11700000000000098;0.11542001540907663
0.11800000000000098;0.11637953140473341
0.11900000000000098;0.11733837132369963
0.12000000000000098;0.11829652996847038
0.12100000000000098;0.11925400215447475
0.12200000000000098;0.12021078271016263
0.12300000000000098;0.12116686647709135
0.12400000000000098;0.12212224831001141
0.12500000000000097;0.12307692307695199
0.12600000000000097;0.12403088565930583
0.12700000000000097;0.1249841309519136
0.12800000000000097;0.12593665386314767
0.12900000000000097;0.12688844931499568
0.13000000000000098;0.127839512243143
0.13100000000000098;0.12878983759705528
0.13200000000000098;0.1297394203400601
0.13300000000000098;0.13068825544942808
0.13400000000000098;0.13163633791645377
0.13500000000000098;0.1325836627465355
0.13600000000000098;0.13353022495925526
0.13700000000000098;0.1344760195884576
0.13800000000000098;0.13542104168232805
0.13900000000000098;0.1363652863034713
0.14000000000000098;0.13730874852898836
0.14100000000000099;0.13825142345055358
0.142000000000001;0.139193306174491
0.143000000000001;0.14013439182184972
0.144000000000001;0.14107467552847977
0.145000000000001;0.14201415244510596
0.146000000000001;0.14295281773740237
0.147000000000001;0.14389066658606603
0.148000000000001;0.14482769418688934
0.149000000000001;0.14576389575083282
0.150000000000001;0.14669926650409668
0.151000000000001;0.1476338016881923
0.152000000000001;0.14856749656001256
0.153000000000001;0.14950034639190227
0.154000000000001;0.15043234647172735
0.155000000000001;0.15136349210294384
0.156000000000001;0.15229377860466642
0.157000000000001;0.15322320131173592
0.158000000000001;0.1541517555747866
0.159000000000001;0.1550794367603129
0.160000000000001;0.1560062402507351
0.161000000000001;0.15693216144446484
0.162000000000001;0.15785719575597035
0.163000000000001;0.1587813386158401
0.164000000000001;0.15970458547084684
0.165000000000001;0.16062693178401047
0.166000000000001;0.16154837303466058
0.167000000000001;0.16246890471849829
0.168000000000001;0.16338852234765752
0.169000000000001;0.16430722145076562
0.170000000000001;0.16522499757300357
0.171000000000001;0.16614184627616527
0.172000000000001;0.16705776313871654
0.17300000000000101;0.1679727437558533
0.17400000000000101;0.1688867837395594
0.17500000000000102;0.1697998787186634
0.17600000000000102;0.17071202433889535
0.17700000000000102;0.17162321626294247
0.17800000000000102;0.17253345017050425
0.17900000000000102;0.17344272175834752
0.18000000000000102;0.17435102674035993
0.18100000000000102;0.17525836084760388
0.18200000000000102;0.17616471982836898
0.18300000000000102;0.1770700994482244
0.18400000000000102;0.17797449549007052
0.18500000000000102;0.1788779037541898
0.18600000000000103;0.1797803200582971
0.18700000000000103;0.18068174023758973
0.18800000000000103;0.1815821601447962
0.18900000000000103;0.18248157565022502
0.19000000000000103;0.18337998264181266
0.19100000000000103;0.18427737702517052
0.19200000000000103;0.18517375472363207
0.19300000000000103;0.1860691116782986
0.19400000000000103;0.18696344384808483
0.19500000000000103;0.18785674720976367
0.19600000000000103;0.18874901775801067
0.19700000000000104;0.1896402515054473
0.19800000000000104;0.19053044448268422
0.19900000000000104;0.19141959273836365
0.20000000000000104;0.19230769233920095
0.20100000000000104;0.19319473937002604
0.20200000000000104;0.19408072993382386
0.20300000000000104;0.19496566015177413
0.20400000000000104;0.19584952616329088
0.20500000000000104;0.19673232412606106
0.20600000000000104;0.19761405021608275
0.20700000000000104;0.1984947006277024
0.20800000000000105;0.19937427157365178
0.20900000000000105;0.20025275928508454
0.21000000000000105;0.2011301600116112
0.21100000000000105;0.20200647002133487
0.21200000000000105;0.2028816856008852
0.21300000000000105;0.20375580305545224
0.21400000000000105;0.20462881870881974
0.21500000000000105;0.20550072890339788
0.21600000000000105;0.20637153000025474
0.21700000000000105;0.20724121837914805
0.21800000000000105;0.20810979043855588
0.21900000000000105;0.20897724259570677
0.22000000000000106;0.20984357128660913
0.22100000000000106;0.2107087729660803
0.22200000000000106;0.21157284410777483
0.22300000000000106;0.2124357812042121
0.22400000000000106;0.21329758076680363
0.22500000000000106;0.2141582393258794
0.22600000000000106;0.21501775343071378
0.22700000000000106;0.2158761196495509
0.22800000000000106;0.2167333345696293
0.22900000000000106;0.21758939479720604
0.23000000000000106;0.21844429695758016
0.23100000000000107;0.21929803769511572
0.23200000000000107;0.22015061367326383
0.23300000000000107;0.22100202157458454
0.23400000000000107;0.2218522581007681
0.23500000000000107;0.22270131997265527
0.23600000000000107;0.22354920393025712
0.23700000000000107;0.2243959067327748
0.23800000000000107;0.22524142515861792
0.23900000000000107;0.2260857560054228
0.24000000000000107;0.2269288960900702
0.24100000000000107;0.22777084224870212
0.24200000000000108;0.22861159133673825
0.24300000000000108;0.2294511402288919
0.24400000000000108;0.2302894858191852
0.24500000000000108;0.23112662502096365
0.24600000000000108;0.2319625547669105
0.24700000000000108;0.23279727200905978
0.24800000000000108;0.2336307737188098
0.24900000000000108;0.23446305688693514
0.25000000000000105;0.2352941185235986
0.25100000000000106;0.23612395565836244
0.25200000000000106;0.23695256534019898
0.25300000000000106;0.23777994463750068
0.25400000000000106;0.23860609063808988
0.25500000000000106;0.2394310004492275
0.25600000000000106;0.24025467119762162
0.25700000000000106;0.24107710002943533
0.25800000000000106;0.24189828411029407
0.25900000000000106;0.2427182206252924
0.26000000000000106;0.2435369067789999
0.26100000000000106;0.24435433979546733
0.26200000000000107;0.24517051691823147
0.26300000000000107;0.24598543541031964
0.26400000000000107;0.24679909255425383
0.26500000000000107;0.24761148565205413
0.26600000000000107;0.24842261202524193
0.26700000000000107;0.24923246901484183
0.26800000000000107;0.2500410539813841
0.26900000000000107;0.25084836430490554
0.2700000000000011;0.2516543973849507
0.2710000000000011;0.2524591506405721
0.2720000000000011;0.2532626215103298
0.2730000000000011;0.2540648074522909
0.2740000000000011;0.2548657059440281
0.2750000000000011;0.2556653144826184
0.2760000000000011;0.25646363058464017
0.2770000000000011;0.2572606517861709
0.2780000000000011;0.25805637564278344
0.2790000000000011;0.258850799729543
0.2800000000000011;0.25964392164100175
0.2810000000000011;0.2604357389911952
0.2820000000000011;0.2612262494136362
0.2830000000000011;0.26201545056130926
0.2840000000000011;0.2628033401066647
0.2850000000000011;0.2635899157416113
0.2860000000000011;0.2643751751775098
0.2870000000000011;0.2651591161451648
0.2880000000000011;0.2659417363948164
0.2890000000000011;0.26672303369613204
0.2900000000000011;0.2675030058381973
0.2910000000000011;0.2682816506295062
0.2920000000000011;0.26905896589795103
0.2930000000000011;0.2698349494908126
0.2940000000000011;0.2706095992747481
0.2950000000000011;0.2713829131357812
0.2960000000000011;0.27215488897928913
0.2970000000000011;0.27292552472999054
0.2980000000000011;0.2736948183319334
0.2990000000000011;0.27446276774848155
0.3000000000000011;0.27522937096230077
0.3010000000000011;0.27599462597534563
0.3020000000000011;0.2767585308088441
0.3030000000000011;0.27752108350328347
0.3040000000000011;0.2782822821183951
0.3050000000000011;0.2790421247331382
0.3060000000000011;0.2798006094456844
0.3070000000000011;0.2805577343734009
0.3080000000000011;0.281313497652834
0.3090000000000011;0.28206789743969135
0.3100000000000011;0.28282093190882474
0.3110000000000011;0.28357259925421235
0.3120000000000011;0.28432289768893965
0.3130000000000011;0.28507182544518095
0.3140000000000011;0.2858193807741805
0.3150000000000011;0.28656556194623306
0.3160000000000011;0.2873103672506634
0.3170000000000011;0.28805379499580697
0.3180000000000011;0.2887958435089886
0.3190000000000011;0.2895365111365023
0.3200000000000011;0.29027579624358923
0.3210000000000011;0.2910136972144171
0.3220000000000011;0.29175021245205757
0.3230000000000011;0.29248534037846413
0.3240000000000011;0.29321907943444975
0.3250000000000011;0.29395142807966407
0.3260000000000011;0.2946823847925701
0.3270000000000011;0.2954119480704209
0.3280000000000011;0.29614011642923577
0.3290000000000011;0.29686688840377606
0.3300000000000011;0.29759226254752125
0.3310000000000011;0.29831623743264424
0.3320000000000011;0.2990388116499859
0.33300000000000113;0.2997599838090309
0.33400000000000113;0.3004797525378817
0.33500000000000113;0.301198116483233
0.33600000000000113;0.30191507431034614
0.33700000000000113;0.3026306247030225
0.33800000000000113;0.3033447663635776
0.33900000000000113;0.3040574980128143
0.34000000000000113;0.30476881838999587
0.34100000000000114;0.3054787262528194
0.34200000000000114;0.30618722037738816
0.34300000000000114;0.30689429955818454
0.34400000000000114;0.30759996260804157
0.34500000000000114;0.30830420835811667
0.34600000000000114;0.30900703565786214
0.34700000000000114;0.30970844337499803
0.34800000000000114;0.3104084303954835
0.34900000000000114;0.311106995623488
0.35000000000000114;0.3118041379813632
0.35100000000000114;0.31249985640961414
0.35200000000000115;0.31319414986687016
0.35300000000000115;0.313887017329856
0.35400000000000115;0.31457845779336274
0.35500000000000115;0.3152684702702183
0.35600000000000115;0.3159570537912587
0.35700000000000115;0.31664420740529803
0.35800000000000115;0.3173299301790994
0.35900000000000115;0.31801422119734496
0.36000000000000115;0.31869707956260684
0.36100000000000115;0.3193785043953167
0.36200000000000115;0.32005849483373705
0.36300000000000116;0.32073705003393027
0.36400000000000116;0.3214141691697299
0.36500000000000116;0.3220898514327103
0.36600000000000116;0.3227640960321568
0.36700000000000116;0.32343690219503596
0.36800000000000116;0.324108269165966
0.36900000000000116;0.32477819620718673
0.37000000000000116;0.3254466825985301
0.37100000000000116;0.3261137276373901
0.37200000000000116;0.3267793306386937
0.37300000000000116;0.3274434909348705
0.37400000000000116;0.3281062078758241
0.37500000000000117;0.32876748082890195
0.37600000000000117;0.3294273091788665
0.37700000000000117;0.33008569232786567
0.37800000000000117;0.33074262969540424
0.37900000000000117;0.33139812071831415
0.38000000000000117;0.3320521648507265
0.38100000000000117;0.3327047615640424
0.38200000000000117;0.33335591034690454
0.3830000000000012;0.33400561070516904
0.3840000000000012;0.33465386216187726
0.3850000000000012;0.33530066425722815
0.3860000000000012;0.33594601654854994
0.3870000000000012;0.3365899186102732
0.3880000000000012;0.33723237003390377
0.3890000000000012;0.33787337042799526
0.3900000000000012;0.338512919418123
0.3910000000000012;0.3391510166468571
0.3920000000000012;0.33978766177373687
0.3930000000000012;0.3404228544752446
0.3940000000000012;0.34105659444478065
0.3950000000000012;0.341688881392638
0.3960000000000012;0.3423197150459773
0.3970000000000012;0.3429490951488033
0.3980000000000012;0.34357702146194014
0.3990000000000012;0.3442034937630082
0.4000000000000012;0.34482851184640073
0.4010000000000012;0.34545207552326146
0.4020000000000012;0.34607418462146244
0.4030000000000012;0.34669483898558145
0.4040000000000012;0.34731403847688186
0.4050000000000012;0.3479317829732912
0.4060000000000012;0.34854807236938123
0.4070000000000012;0.3491629065763478
0.4080000000000012;0.3497762855219924
0.4090000000000012;0.3503882091507029
0.4100000000000012;0.35099867742343627
0.4110000000000012;0.35160769031770045
0.4120000000000012;0.3522152478275388
0.4130000000000012;0.35282134996351255
0.4140000000000012;0.3534259967526867
0.4150000000000012;0.35402918823861496
0.4160000000000012;0.35463092448132516
0.4170000000000012;0.3552312055573071
0.4180000000000012;0.35583003155949927
0.4190000000000012;0.35642740259727745
0.4200000000000012;0.35702331879644356
0.4210000000000012;0.35761778029921604
0.4220000000000012;0.35821078726422023
0.4230000000000012;0.3588023398664802
0.4240000000000012;0.3593924382974111
0.4250000000000012;0.3599810827648125
0.4260000000000012;0.3605682734928633
0.4270000000000012;0.36115401072211656
0.4280000000000012;0.3617382947094956
0.4290000000000012;0.362321125728292
0.4300000000000012;0.36290250406816327
0.4310000000000012;0.3634824300351328
0.4320000000000012;0.36406090395159
0.4330000000000012;0.36463792615629204
0.4340000000000012;0.3652134970043662
0.4350000000000012;0.3657876168673147
0.4360000000000012;0.36636028613301863
0.4370000000000012;0.3669315052057452
0.4380000000000012;0.36750127450615433
0.4390000000000012;0.36806959447130877
0.4400000000000012;0.368636465554683
0.4410000000000012;0.3692018882261751
0.4420000000000012;0.3697658629721202
0.4430000000000012;0.3703283902953037
0.4440000000000012;0.3708894707149773
0.44500000000000123;0.37144910476687665
0.44600000000000123;0.3720072930032388
0.44700000000000123;0.37256403599282356
0.44800000000000123;0.3731193343209342
0.44900000000000123;0.37367318858944104
0.45000000000000123;0.3742255994168065
0.45100000000000123;0.3747765674381111
0.45200000000000123;0.3753260933050824
0.45300000000000124;0.37587417768612413
0.45400000000000124;0.37642082126634824
0.45500000000000124;0.3769660247476087
0.45600000000000124;0.3775097888485361
0.45700000000000124;0.3780521143045753
0.45800000000000124;0.37859300186802436
0.45900000000000124;0.3791324523080757
0.46000000000000124;0.3796704664108588
0.46100000000000124;0.38020704497948554
0.46200000000000124;0.3807421888340969
0.46300000000000124;0.38127589881191265
0.46400000000000124;0.3818081757672824
0.46500000000000125;0.382339020571739
0.46600000000000125;0.3828684341140544
0.46700000000000125;0.3833964173002976
0.46800000000000125;0.3839229710538954
0.46900000000000125;0.3844480963156944
0.47000000000000125;0.38497179404402626
0.47100000000000125;0.3854940652147757
0.47200000000000125;0.3860149108214501
0.47300000000000125;0.38653433187525216
0.47400000000000125;0.387052329405155
0.47500000000000125;0.3875689044579801
0.47600000000000126;0.38808405809847757
0.47700000000000126;0.3885977914094098
0.47800000000000126;0.3891101054916368
0.47900000000000126;0.38962100146420553
0.48000000000000126;0.39013048046444143
0.48100000000000126;0.3906385436480432
0.48200000000000126;0.3911451921891804
0.48300000000000126;0.391650427280594
0.48400000000000126;0.3921542501337005
0.48500000000000126;0.39265666197869864
0.48600000000000126;0.3931576640646795
0.48700000000000127;0.39365725765974036
0.48800000000000127;0.3941554440511011
0.48900000000000127;0.39465222454522436
0.49000000000000127;0.39514760046793923
0.49100000000000127;0.39564157316456877
0.49200000000000127;0.3961341440000599
0.49300000000000127;0.3966253143591184
0.49400000000000127;0.3971150856463463
0.4950000000000013;0.39760345928638435
0.4960000000000013;0.39809043672405686
0.4970000000000013;0.3985760194245218
0.4980000000000013;0.39906020887342386
0.4990000000000013;0.39954300657705205
0.5000000000000012;0.40002441406250067
0.5010000000000012;0.400504432877836
0.5020000000000012;0.4009830645922656
0.5030000000000012;0.40146031079631234
0.5040000000000012;0.40193617310199325
0.5050000000000012;0.4024106531430027
0.5060000000000012;0.4028837525748995
0.5070000000000012;0.40335547307529923
0.5080000000000012;0.40382581634407144
0.5090000000000012;0.4042947841035403
0.5100000000000012;0.40476237809869176
0.5110000000000012;0.4052286000973845
0.5120000000000012;0.40569345189056605
0.5130000000000012;0.4061569352924944
0.5140000000000012;0.40661905214096417
0.5150000000000012;0.4070798042975383
0.5160000000000012;0.4075391936477857
0.5170000000000012;0.40799722210152245
0.5180000000000012;0.40845389159306045
0.5190000000000012;0.4089092040814612
0.5200000000000012;0.409363161550794
0.5210000000000012;0.40981576601040165
0.5220000000000012;0.41026701949517047
0.5230000000000012;0.4107169240658076
0.5240000000000012;0.41116548180912343
0.5250000000000012;0.4116126948383202
0.5260000000000012;0.41205856529328727
0.5270000000000012;0.4125030953409024
0.5280000000000012;0.4129462871753398
0.5290000000000012;0.41338814301838417
0.5300000000000012;0.4138286651197516
0.5310000000000012;0.4142678557574171
0.5320000000000012;0.4147057172379496
0.5330000000000013;0.4151422518968531
0.5340000000000013;0.4155774620989149
0.5350000000000013;0.41601135023856156
0.5360000000000013;0.4164439187402214
0.5370000000000013;0.4168751700586954
0.5380000000000013;0.41730510667953413
0.5390000000000013;0.4177337311194237
0.5400000000000013;0.41816104592657866
0.5410000000000013;0.4185870536811425
0.5420000000000013;0.41901175699559734
0.5430000000000013;0.4194351585151797
0.5440000000000013;0.4198572609183066
0.5450000000000013;0.4202780669170086
0.5460000000000013;0.4206975792573715
0.5470000000000013;0.421115800719987
0.5480000000000013;0.4215327341204115
0.5490000000000013;0.4219483823096345
0.5500000000000013;0.4223627481745553
0.5510000000000013;0.42277583463846896
0.5520000000000013;0.4231876446615612
0.5530000000000013;0.42359818124141374
0.5540000000000013;0.42400744741351765
0.5550000000000013;0.4244154462517973
0.5560000000000013;0.424822180869144
0.5570000000000013;0.42522765441795907
0.5580000000000013;0.42563187009070796
0.5590000000000013;0.426034831120483
0.5600000000000013;0.42643654078157817
0.5610000000000013;0.4268370023900735
0.5620000000000013;0.42723621930443
0.5630000000000013;0.4276341949260962
0.5640000000000013;0.42803093270012466
0.5650000000000013;0.4284264361158005
0.5660000000000013;0.4288207087072807
0.5670000000000013;0.4292137540542449
0.5680000000000013;0.4296055757825581
0.5690000000000013;0.4299961775649447
0.5700000000000013;0.4303855631216752
0.5710000000000013;0.43077373622126414
0.5720000000000013;0.4311607006811808
0.5730000000000013;0.43154646036857247
0.5740000000000013;0.4319310192010003
0.5750000000000013;0.4323143811471877
0.5760000000000013;0.43269655022778186
0.5770000000000013;0.4330775305161289
0.5780000000000013;0.4334573261390617
0.5790000000000013;0.4338359412777018
0.5800000000000013;0.43421338016827443
0.5810000000000013;0.4345896471029384
0.5820000000000013;0.4349647464306292
0.5830000000000013;0.4353386825579174
0.5840000000000013;0.4357114599498803
0.5850000000000013;0.43608308313098937
0.5860000000000013;0.4364535566860124
0.5870000000000013;0.4368228852609302
0.5880000000000013;0.4371910735638697
0.5890000000000013;0.43755812636605124
0.5900000000000013;0.43792404850275296
0.5910000000000013;0.43828884487429015
0.5920000000000013;0.43865252044701175
0.5930000000000013;0.4390150802543118
0.5940000000000013;0.4393765293976596
0.5950000000000013;0.43973687304764447
0.5960000000000013;0.4400961164450399
0.5970000000000013;0.4404542649018826
0.5980000000000013;0.4408113238025712
0.5990000000000013;0.44116729860498155
0.6000000000000013;0.44152219484160043
0.6010000000000013;0.44187601812067767
0.6020000000000013;0.44222877412739614
0.6030000000000013;0.4425804686250614
0.6040000000000013;0.44293110745630965
0.6050000000000013;0.44328069654433555
0.6060000000000013;0.44362924189413866
0.6070000000000013;0.44397674959379063
0.6080000000000013;0.4443232258157221
0.6090000000000013;0.44466867681802935
0.6100000000000013;0.4450131089458026
0.6110000000000013;0.4453565286324737
0.6120000000000013;0.4456989424011868
0.6130000000000013;0.4460403568661884
0.6140000000000013;0.44638077873424087
0.6150000000000013;0.4467202148060563
0.6160000000000013;0.4470586719777541
0.6170000000000013;0.44739615724233994
0.6180000000000013;0.44773267769120795
0.6190000000000013;0.44806824051566674
0.6200000000000013;0.4484028530084869
0.6210000000000013;0.44873652256547497
0.6220000000000013;0.44906925668706826
0.6230000000000013;0.4494010629799573
0.6240000000000013;0.44973194915872994
0.6250000000000013;0.45006192304754267
0.6260000000000013;0.4503909925818156
0.6270000000000013;0.4507191658099541
0.6280000000000013;0.4510464508950962
0.6290000000000013;0.4513728561168852
0.6300000000000013;0.45169838987327066
0.6310000000000013;0.45202306068233455
0.6320000000000013;0.45234687718414596
0.6330000000000013;0.4526698481426425
0.6340000000000013;0.45299198244754046
0.6350000000000013;0.45331328911627244
0.6360000000000013;0.4536337772959544
0.6370000000000013;0.45395345626538086
0.6380000000000013;0.45427233543705076
0.6390000000000013;0.45459042435922176
0.6400000000000013;0.4549077327179952
0.6410000000000013;0.45522427033943175
0.6420000000000013;0.4555400471916977
0.6430000000000013;0.4558550733872424
0.6440000000000013;0.45616935918500756
0.6450000000000014;0.45648291499266863
0.6460000000000014;0.4567957513689081
0.6470000000000014;0.45710787902572214
0.6480000000000014;0.4574193088307606
0.6490000000000014;0.45773005180970006
0.6500000000000014;0.45804011914865095
0.6510000000000014;0.45834952219660013
0.6520000000000014;0.458658272467887
0.6530000000000014;0.4589663816447156
0.6540000000000014;0.4592738615797029
0.6550000000000014;0.4595807242984621
0.6560000000000014;0.45988698200222333
0.6570000000000014;0.46019264707049184
0.6580000000000014;0.4604977320637422
0.6590000000000014;0.4608022497261517
0.6600000000000014;0.4611062129883724
0.6610000000000014;0.4614096349703405
0.6620000000000014;0.4617125289841264
0.6630000000000014;0.4620149085368245
0.6640000000000014;0.46231678733348236
0.6650000000000014;0.4626181792800715
0.6660000000000014;0.4629190984864994
0.6670000000000014;0.46321955926966235
0.6680000000000014;0.4635195761565416
0.6690000000000014;0.46381916388734173
0.6700000000000014;0.4641183374186726
0.6710000000000014;0.464417111926774
0.6720000000000014;0.46471550281078644
0.6730000000000014;0.4650135256960646
0.6740000000000014;0.4653111964375377
0.6750000000000014;0.46560853112311534
0.6760000000000014;0.46590554607713874
0.6770000000000014;0.46620225786388064
0.6780000000000014;0.4664986832910907
0.6790000000000014;0.4667948394135908
0.6800000000000014;0.4670907435369176
0.6810000000000014;0.4673864132210151
0.6820000000000014;0.46768186628397584
0.6830000000000014;0.46797712080583354
0.6840000000000014;0.46827219513240625
0.6850000000000014;0.46856710787919076
0.6860000000000014;0.4688618779353086
0.6870000000000014;0.46915652446750616
0.6880000000000014;0.46945106692420663
0.6890000000000014;0.4697455250396161
0.6900000000000014;0.47003991883788515
0.6910000000000014;0.47033426863732386
0.6920000000000014;0.4706285950546742
0.6930000000000014;0.4709229190094373
0.6940000000000014;0.47121726172825934
0.6950000000000014;0.4715116447493735
0.6960000000000014;0.47180608992710116
0.6970000000000014;0.4721006194364124
0.6980000000000014;0.4723952557775443
0.6990000000000014;0.47269002178068253
0.7000000000000014;0.47298494061070046
0.7010000000000014;0.473280035771963
0.7020000000000014;0.47357533111319133
0.7030000000000014;0.47387085083239017
0.7040000000000014;0.4741666194818402
0.7050000000000014;0.47446266197315395
0.7060000000000014;0.4747590035823977
0.7070000000000014;0.47505566995527815
0.7080000000000014;0.47535268711239664
0.7090000000000014;0.4756500814545709
0.7100000000000014;0.47594787976822434
0.7110000000000014;0.47624610923084415
0.7120000000000014;0.47654479741651
0.7130000000000014;0.47684397230149245
0.7140000000000014;0.47714366226992205
0.7150000000000014;0.47744389611953186
0.7160000000000014;0.47774470306747174
0.7170000000000014;0.47804611275619563
0.7180000000000014;0.4783481552594252
0.7190000000000014;0.4786508610881865
0.7200000000000014;0.4789542611969242
0.7210000000000014;0.4792583869896915
0.7220000000000014;0.47956327032641893
0.7230000000000014;0.47986894352926035
0.7240000000000014;0.48017543938901935
0.7250000000000014;0.4804827911716554
0.7260000000000014;0.4807910326248709
0.7270000000000014;0.48110019798478126
0.7280000000000014;0.4814103219826659
0.7290000000000014;0.48172143985180527
0.7300000000000014;0.48203358733440027
0.7310000000000014;0.48234680068857955
0.7320000000000014;0.4826611166954906
0.7330000000000014;0.48297657266648114
0.7340000000000014;0.4832932064503663
0.7350000000000014;0.4836110564407863
0.7360000000000014;0.4839301615836542
0.7370000000000014;0.48425056138469547
0.7380000000000014;0.48457229591707746
0.7390000000000014;0.48489540582913515
0.7400000000000014;0.48521993235218774
0.7410000000000014;0.48554591730845353
0.7420000000000014;0.48587340311905824
0.7430000000000014;0.48620243281214137
0.7440000000000014;0.48653305003106156
0.7450000000000014;0.48686529904269965
0.7460000000000014;0.48719922474586325
0.7470000000000014;0.4875348726797911
0.7480000000000014;0.4878722890327608
0.7490000000000014;0.4882115206508001
0.7500000000000014;0.48855261504650177
0.7510000000000014;0.4888956204079438
0.7520000000000014;0.48924058560771816
0.7530000000000014;0.48958756021206423
0.7540000000000014;0.4899365944901146
0.7550000000000014;0.4902877394232472
0.7560000000000014;0.49064104671455094
0.7570000000000014;0.49099656879840387
0.7580000000000015;0.4913543588501621
0.7590000000000015;0.49171447079596686
0.7600000000000015;0.4920769593226637
0.7610000000000015;0.4924418798878418
0.7620000000000015;0.492809288729989
0.7630000000000015;0.49317924287876697
0.7640000000000015;0.4935518001654084
0.7650000000000015;0.49392701923323284
0.7660000000000015;0.4943049595482888
0.7670000000000015;0.4946856814101176
0.7680000000000015;0.4950692459626443
0.7690000000000015;0.49545571520519466
0.7700000000000015;0.49584515200364027
0.7710000000000015;0.4962376201016735
0.7720000000000015;0.49663318413221275
0.7730000000000015;0.4970319096289389
0.7740000000000015;0.497433863037967
0.7750000000000015;0.49783911172965095
0.7760000000000015;0.4982477240105239
0.7770000000000015;0.4986597691353781
0.7780000000000015;0.49907531731948146
0.7790000000000015;0.49949443975093477
0.7800000000000015;0.499917208603171
0.7810000000000015;0.5003436970475962
0.7820000000000015;0.5007739792663772
0.7830000000000015;0.5012081304653717
0.7840000000000015;0.501646226887208
0.7850000000000015;0.5020883458245132
0.7860000000000015;0.5025345656332907
0.7870000000000015;0.5029849657464489
0.7880000000000015;0.5034396266874852
0.7890000000000015;0.5038986300843218
0.7900000000000015;0.5043620586832995
0.7910000000000015;0.5048299963633293
0.7920000000000015;0.505302528150201
0.7930000000000015;0.505779740231056
0.7940000000000015;0.5062617199690184
0.7950000000000015;0.5067485559179937
0.7960000000000015;0.507240337837631
0.7970000000000015;0.5077371567084523
0.7980000000000015;0.5082391047471513
0.7990000000000015;0.5087462754220624
0.8000000000000015;0.5092587634688006
0.8010000000000015;0.5097766649060779
0.8020000000000015;0.5103000770516906
0.8030000000000015;0.5108290985386884
0.8040000000000015;0.5113638293317191
0.8050000000000015;0.5119043707435547
0.8060000000000015;0.5124508254517997
0.8070000000000015;0.5130032975157842
0.8080000000000015;0.5135618923936404
0.8090000000000015;0.5141267169595695
0.8100000000000015;0.5146978795212956
0.8110000000000015;0.5152754898377115
0.8120000000000015;0.5158596591367179
0.8130000000000015;0.5164505001332567
0.8140000000000015;0.5170481270475397
0.8150000000000015;0.5176526556234795
0.8160000000000015;0.5182642031473165
0.8170000000000015;0.5188828884664493
0.8180000000000015;0.5195088320084721
0.8190000000000015;0.5201421558004138
0.8200000000000015;0.5207829834881872
0.8210000000000015;0.5214314403562494
0.8220000000000015;0.5220876533474715
0.8230000000000015;0.5227517510832238
0.8240000000000015;0.5234238638836762
0.8250000000000015;0.524104123788318
0.8260000000000015;0.5247926645766947
0.8270000000000015;0.5254896217893699
0.8280000000000015;0.5261951327491099
0.8290000000000015;0.5269093365822933
0.8300000000000015;0.5276323742405515
0.8310000000000015;0.5283643885226378
0.8320000000000015;0.5291055240965279
0.8330000000000015;0.5298559275217584
0.8340000000000015;0.5306157472719985
0.8350000000000015;0.5313851337578638
0.8360000000000015;0.532164239349969
0.8370000000000015;0.5329532184022249
0.8380000000000015;0.5337522272753807
0.8390000000000015;0.534561424360816
0.8400000000000015;0.535380970104579
0.8410000000000015;0.5362110270316821
0.8420000000000015;0.5370517597706488
0.8430000000000015;0.5379033350783182
0.8440000000000015;0.5387659218649101
0.8450000000000015;0.5396396912193515
0.8460000000000015;0.5405248164348665
0.8470000000000015;0.5414214730348331
0.8480000000000015;0.5423298387989096
0.8490000000000015;0.5432500937894325
0.8500000000000015;0.5441824203780865
0.8510000000000015;0.5451270032728536
0.8520000000000015;0.5460840295452378
0.8530000000000015;0.547053688657775
0.8540000000000015;0.5480361724918227
0.8550000000000015;0.5490316753756398
0.8560000000000015;0.5500403941127525
0.8570000000000015;0.5510625280106138
0.8580000000000015;0.5520982789095557
0.8590000000000015;0.5531478512120392
0.8600000000000015;0.5542114519122042
0.8610000000000015;0.5552892906257191
0.8620000000000015;0.5563815796199387
0.8630000000000015;0.5574885338443671
0.8640000000000015;0.5586103709614311
0.8650000000000015;0.559747311377568
0.8660000000000015;0.5608995782746278
0.8670000000000015;0.5620673976415944
0.8680000000000015;0.5632509983066287
0.8690000000000015;0.5644506119694352
0.8700000000000015;0.5656664732339554
0.8710000000000016;0.5668988196413925
0.8720000000000016;0.5681478917035676
0.8730000000000016;0.5694139329366125
0.8740000000000016;0.570697189895
0.8750000000000016;0.5719979122059178
0.8760000000000016;0.5733163526039858
0.8770000000000016;0.5746527669663202
0.8780000000000016;0.5760074143479504
0.8790000000000016;0.5773805570175881
0.8800000000000016;0.5787724604937536
0.8810000000000016;0.5801833935812624
0.8820000000000016;0.5816136284080733
0.8830000000000016;0.5830634404625057
0.8840000000000016;0.5845331086308231
0.8850000000000016;0.5860229152351905
0.8860000000000016;0.5875331460720071
0.8870000000000016;0.5890640904506202
0.8880000000000016;0.5906160412324167
0.8890000000000016;0.5921892948703048
0.8900000000000016;0.593784151448582
0.8910000000000016;0.5954009147231955
0.8920000000000016;0.5970398921623989
0.8930000000000016;0.5987013949878074
0.8940000000000016;0.600385738215855
0.8950000000000016;0.6020932406996571
0.8960000000000016;0.6038242251712849
0.8970000000000016;0.6055790182844474
0.8980000000000016;0.6073579506575957
0.8990000000000016;0.6091613569174414
0.9000000000000016;0.6109895757429029
0.9010000000000016;0.6128429499094743
0.9020000000000016;0.6147218263340288
0.9030000000000016;0.6166265561200526
0.9040000000000016;0.6185574946033199
0.9050000000000016;0.6205150013980063
0.9060000000000016;0.6224994404432489
0.9070000000000016;0.6245111800501555
0.9080000000000016;0.626550592949266
0.9090000000000016;0.6286180563384698
0.9100000000000016;0.6307139519313842
0.9110000000000016;0.6328386660061969
0.9120000000000016;0.6349925894549752
0.9130000000000016;0.6371761178334496
0.9140000000000016;0.6393896514112704
0.9150000000000016;0.6416335952227463
0.9160000000000016;0.643908359118065
0.9170000000000016;0.6462143578150034
0.9180000000000016;0.6485520109511279
0.9190000000000016;0.6509217431364913
0.9200000000000016;0.6533239840068306
0.9210000000000016;0.655759168277267
0.9220000000000016;0.6582277357965158
0.9230000000000016;0.6607301316016077
0.9240000000000016;0.6632668059731277
0.9250000000000016;0.6658382144909749
0.9260000000000016;0.668444818090645
0.9270000000000016;0.6710870831200475
0.9280000000000016;0.673765481396851
0.9290000000000016;0.6764804902663698
0.9300000000000016;0.6792325926599938
0.9310000000000016;0.6820222771541631
0.9320000000000016;0.6848500380298955
0.9330000000000016;0.6877163753328697
0.9340000000000016;0.6906217949340686
0.9350000000000016;0.693566808590989
0.9360000000000016;0.6965519340094183
0.9370000000000016;0.6995776949057887
0.9380000000000016;0.7026446210701074
0.9390000000000016;0.7057532484294722
0.9400000000000016;0.7089041191121741
0.9410000000000016;0.7120977815123952
0.9420000000000016;0.7153347903555002
0.9430000000000016;0.7186157067639347
0.9440000000000016;0.721941098323729
0.9450000000000016;0.7253115391516143
0.9460000000000016;0.7287276099627555
0.9470000000000016;0.7321898981391084
0.9480000000000016;0.7356989977984012
0.9490000000000016;0.73925550986375
0.9500000000000016;0.7428600421339103
0.9510000000000016;0.7465132093541724
0.9520000000000016;0.7502156332879016
0.9530000000000016;0.7539679427887338
0.9540000000000016;0.7577707738734263
0.9550000000000016;0.7616247697953731
0.9560000000000016;0.7655305811187875
0.9570000000000016;0.7694888657935584
0.9580000000000016;0.7735002892307852
0.9590000000000016;0.7775655243789975
0.9600000000000016;0.7816852518010627
0.9610000000000016;0.7858601597517906
0.9620000000000016;0.7900909442562364
0.9630000000000016;0.7943783091887111
0.9640000000000016;0.7987229663525026
0.9650000000000016;0.8031256355603135
0.9660000000000016;0.8075870447154219
0.9670000000000016;0.8121079298935712
0.9680000000000016;0.8166890354255927
0.9690000000000016;0.821331113980768
0.9700000000000016;0.8260349266509373
0.9710000000000016;0.8308012430353591
0.9720000000000016;0.8356308413263257
0.9730000000000016;0.8405245083955436
0.9740000000000016;0.8454830398812808
0.9750000000000016;0.8505072402762909
0.9760000000000016;0.8555979230165158
0.9770000000000016;0.8607559105705772
0.9780000000000016;0.8659820345300602
0.9790000000000016;0.8712771357005953
0.9800000000000016;0.8766420641937469
0.9810000000000016;0.8820776795197127
0.9820000000000016;0.88758485068084
0.9830000000000017;0.8931644562659672
0.9840000000000017;0.8988173845455936
0.9850000000000017;0.9045445335678887
0.9860000000000017;0.9103468112555412
0.9870000000000017;0.9162251355034595
0.9880000000000017;0.9221804342773285
0.9890000000000017;0.9282136457130263
0.9900000000000017;0.9343257182169126
0.9910000000000017;0.9405176105669911
0.9920000000000017;0.9467902920149548
0.9930000000000017;0.9531447423891205
0.9940000000000017;0.959581952198258
0.9950000000000017;0.9661029227363224
0.9960000000000017;0.9727086661880956
0.9970000000000017;0.9794002057357453
0.9980000000000017;0.9861785756663043
0.9990000000000017;0.9930448214800818
